Reference,DOI,Species,Site,Season,Depth,Environment,Tissue,Condition,Mesh,Days,Remaining.mean,Remaining.sd,Remaining.sem,Rate.mean,Rate.sd,Repetitions,n,CN.mean,CN.sd,Phenols.mean,Phenols.sd,CNPhenols.t,CNPhenols.n,Source
Gerard 1976,NA,Macrocystis pyrifera,Point Cabrillo,Winter,9,Benthic,Stipe,Fresh,5,2.051659674,91.83812099,NA,NA,NA,NA,5,1,NA,NA,NA,NA,NA,NA,Figure 19
Gerard 1976,NA,Macrocystis pyrifera,Point Cabrillo,Winter,9,Benthic,Stipe,Fresh,5,2.08135384,96.06196455,NA,NA,NA,NA,5,1,NA,NA,NA,NA,NA,NA,Figure 19
Gerard 1976,NA,Macrocystis pyrifera,Point Cabrillo,Winter,9,Benthic,Stipe,Fresh,5,2.087568898,96.94602483,NA,NA,NA,NA,5,1,NA,NA,NA,NA,NA,NA,Figure 19
Gerard 1976,NA,Macrocystis pyrifera,Point Cabrillo,Winter,9,Benthic,Stipe,Fresh,5,7.082995686,78.94857004,NA,NA,NA,NA,5,1,NA,NA,NA,NA,NA,NA,Figure 19
Gerard 1976,NA,Macrocystis pyrifera,Point Cabrillo,Winter,9,Benthic,Stipe,Fresh,5,7.087139058,79.53794356,NA,NA,NA,NA,5,1,NA,NA,NA,NA,NA,NA,Figure 19
Gerard 1976,NA,Macrocystis pyrifera,Point Cabrillo,Winter,9,Benthic,Stipe,Fresh,5,7.117523786,83.86001604,NA,NA,NA,NA,5,1,NA,NA,NA,NA,NA,NA,Figure 19
Gerard 1976,NA,Macrocystis pyrifera,Point Cabrillo,Winter,9,Benthic,Stipe,Fresh,5,13.98486683,74.99024053,NA,NA,NA,NA,5,1,NA,NA,NA,NA,NA,NA,Figure 19
Gerard 1976,NA,Macrocystis pyrifera,Point Cabrillo,Winter,9,Benthic,Stipe,Fresh,5,14.05244325,56.0312134,NA,NA,NA,NA,5,1,NA,NA,NA,NA,NA,NA,Figure 19
Gerard 1976,NA,Macrocystis pyrifera,Point Cabrillo,Winter,9,Benthic,Stipe,Fresh,5,14.27470556,59.07546433,NA,NA,NA,NA,5,1,NA,NA,NA,NA,NA,NA,Figure 19
Gerard 1976,NA,Macrocystis pyrifera,Point Cabrillo,Winter,9,Benthic,Stipe,Fresh,5,21.05819465,52.56360569,NA,NA,NA,NA,5,1,NA,NA,NA,NA,NA,NA,Figure 19
Gerard 1976,NA,Macrocystis pyrifera,Point Cabrillo,Winter,9,Benthic,Stipe,Fresh,5,21.06233802,53.15297921,NA,NA,NA,NA,5,1,NA,NA,NA,NA,NA,NA,Figure 19
Gerard 1976,NA,Macrocystis pyrifera,Point Cabrillo,Winter,9,Benthic,Stipe,Fresh,5,21.27394594,68.96741252,NA,NA,NA,NA,5,1,NA,NA,NA,NA,NA,NA,Figure 19
Gerard 1976,NA,Macrocystis pyrifera,Point Cabrillo,Winter,9,Benthic,Stipe,Fresh,5,28.10015122,39.96028564,NA,NA,NA,NA,5,1,NA,NA,NA,NA,NA,NA,Figure 19
Gerard 1976,NA,Macrocystis pyrifera,Point Cabrillo,Winter,9,Benthic,Stipe,Fresh,5,28.10705684,40.94257484,NA,NA,NA,NA,5,1,NA,NA,NA,NA,NA,NA,Figure 19
Gerard 1976,NA,Macrocystis pyrifera,Point Cabrillo,Winter,9,Benthic,Stipe,Fresh,5,28.14059842,59.99940809,NA,NA,NA,NA,5,1,NA,NA,NA,NA,NA,NA,Figure 19
Gerard 1976,NA,Macrocystis pyrifera,Point Cabrillo,Winter,9,Benthic,Stipe,Fresh,5,36.97535257,30.98382535,NA,NA,NA,NA,5,1,NA,NA,NA,NA,NA,NA,Figure 19
Gerard 1976,NA,Macrocystis pyrifera,Point Cabrillo,Winter,9,Benthic,Stipe,Fresh,5,37.0889007,32.84975203,NA,NA,NA,NA,5,1,NA,NA,NA,NA,NA,NA,Figure 19
Gerard 1976,NA,Macrocystis pyrifera,Point Cabrillo,Winter,9,Benthic,Stipe,Fresh,5,37.14621734,41.00275238,NA,NA,NA,NA,5,1,NA,NA,NA,NA,NA,NA,Figure 19
Gerard 1976,NA,Macrocystis pyrifera,Point Cabrillo,Winter,9,Benthic,Stipe,Fresh,5,41.89560676,30.86487957,NA,NA,NA,NA,5,1,NA,NA,NA,NA,NA,NA,Figure 19
Gerard 1976,NA,Macrocystis pyrifera,Point Cabrillo,Winter,9,Benthic,Stipe,Fresh,5,41.95913846,39.9019402,NA,NA,NA,NA,5,1,NA,NA,NA,NA,NA,NA,Figure 19
Gerard 1976,NA,Macrocystis pyrifera,Point Cabrillo,Winter,9,Benthic,Stipe,Fresh,5,42.11027288,32.82861238,NA,NA,NA,NA,5,1,NA,NA,NA,NA,NA,NA,Figure 19
Gerard 1976,NA,Macrocystis pyrifera,Point Cabrillo,Winter,9,Benthic,Stipe,Fresh,5,48.96143705,35.94318789,NA,NA,NA,NA,5,1,NA,NA,NA,NA,NA,NA,Figure 19
Gerard 1976,NA,Macrocystis pyrifera,Point Cabrillo,Winter,9,Benthic,Stipe,Fresh,5,48.98383098,24.84289715,NA,NA,NA,NA,5,1,NA,NA,NA,NA,NA,NA,Figure 19
Gerard 1976,NA,Macrocystis pyrifera,Point Cabrillo,Winter,9,Benthic,Stipe,Fresh,5,49.01904965,29.85257206,NA,NA,NA,NA,5,1,NA,NA,NA,NA,NA,NA,Figure 19
Gerard 1976,NA,Macrocystis pyrifera,Point Cabrillo,Winter,9,Benthic,Stipe,Fresh,5,55.94232821,28.93933906,NA,NA,NA,NA,5,1,NA,NA,NA,NA,NA,NA,Figure 19
Gerard 1976,NA,Macrocystis pyrifera,Point Cabrillo,Winter,9,Benthic,Stipe,Fresh,5,56.09415319,21.96424016,NA,NA,NA,NA,5,1,NA,NA,NA,NA,NA,NA,Figure 19
Gerard 1976,NA,Macrocystis pyrifera,Point Cabrillo,Winter,9,Benthic,Stipe,Fresh,5,56.11417949,24.81287884,NA,NA,NA,NA,5,1,NA,NA,NA,NA,NA,NA,Figure 19
Gerard 1976,NA,Macrocystis pyrifera,Point Cabrillo,Winter,9,Benthic,Stipe,Fresh,5,63.00223939,18.88997093,NA,NA,NA,NA,5,1,NA,NA,NA,NA,NA,NA,Figure 19
Gerard 1976,NA,Macrocystis pyrifera,Point Cabrillo,Winter,9,Benthic,Stipe,Fresh,5,63.00983558,19.97048904,NA,NA,NA,NA,5,1,NA,NA,NA,NA,NA,NA,Figure 19
Gerard 1976,NA,Macrocystis pyrifera,Point Cabrillo,Winter,9,Benthic,Stipe,Fresh,5,63.02986187,22.81912772,NA,NA,NA,NA,5,1,NA,NA,NA,NA,NA,NA,Figure 19
Gerard 1976,NA,Macrocystis pyrifera,Point Cabrillo,Winter,9,Benthic,Lamina,Fresh,5,1.940479194,76.02326489,NA,NA,NA,NA,5,1,NA,NA,NA,NA,NA,NA,Figure 19
Gerard 1976,NA,Macrocystis pyrifera,Point Cabrillo,Winter,9,Benthic,Lamina,Fresh,5,1.954290433,77.98784329,NA,NA,NA,NA,5,1,NA,NA,NA,NA,NA,NA,Figure 19
Gerard 1976,NA,Macrocystis pyrifera,Point Cabrillo,Winter,9,Benthic,Lamina,Fresh,5,1.995724153,83.88157848,NA,NA,NA,NA,5,1,NA,NA,NA,NA,NA,NA,Figure 19
Gerard 1976,NA,Macrocystis pyrifera,Point Cabrillo,Winter,9,Benthic,Lamina,Fresh,5,6.940443961,72.95702872,NA,NA,NA,NA,5,1,NA,NA,NA,NA,NA,NA,Figure 19
Gerard 1976,NA,Macrocystis pyrifera,Point Cabrillo,Winter,9,Benthic,Lamina,Fresh,5,6.947349581,73.93931792,NA,NA,NA,NA,5,1,NA,NA,NA,NA,NA,NA,Figure 19
Gerard 1976,NA,Macrocystis pyrifera,Point Cabrillo,Winter,9,Benthic,Lamina,Fresh,5,7.082305124,78.85034112,NA,NA,NA,NA,5,1,NA,NA,NA,NA,NA,NA,Figure 19
Gerard 1976,NA,Macrocystis pyrifera,Point Cabrillo,Winter,9,Benthic,Lamina,Fresh,5,13.91679715,51.02196128,NA,NA,NA,NA,5,1,NA,NA,NA,NA,NA,NA,Figure 19
Gerard 1976,NA,Macrocystis pyrifera,Point Cabrillo,Winter,9,Benthic,Lamina,Fresh,5,14.00795133,63.98817871,NA,NA,NA,NA,5,1,NA,NA,NA,NA,NA,NA,Figure 19
Gerard 1976,NA,Macrocystis pyrifera,Point Cabrillo,Winter,9,Benthic,Lamina,Fresh,5,14.05175269,55.93298448,NA,NA,NA,NA,5,1,NA,NA,NA,NA,NA,NA,Figure 19
Gerard 1976,NA,Macrocystis pyrifera,Point Cabrillo,Winter,9,Benthic,Lamina,Fresh,5,20.87391325,54.92194536,NA,NA,NA,NA,5,1,NA,NA,NA,NA,NA,NA,Figure 19
Gerard 1976,NA,Macrocystis pyrifera,Point Cabrillo,Winter,9,Benthic,Lamina,Fresh,5,21.01192699,45.98226806,NA,NA,NA,NA,5,1,NA,NA,NA,NA,NA,NA,Figure 19
Gerard 1976,NA,Macrocystis pyrifera,Point Cabrillo,Winter,9,Benthic,Lamina,Fresh,5,21.04882273,36.94478464,NA,NA,NA,NA,5,1,NA,NA,NA,NA,NA,NA,Figure 19
Gerard 1976,NA,Macrocystis pyrifera,Point Cabrillo,Winter,9,Benthic,Lamina,Fresh,5,27.78505765,37.99697562,NA,NA,NA,NA,5,1,NA,NA,NA,NA,NA,NA,Figure 19
Gerard 1976,NA,Macrocystis pyrifera,Point Cabrillo,Winter,9,Benthic,Lamina,Fresh,5,27.78505765,37.99697562,NA,NA,NA,NA,5,1,NA,NA,NA,NA,NA,NA,Figure 19
Gerard 1976,NA,Macrocystis pyrifera,Point Cabrillo,Winter,9,Benthic,Lamina,Fresh,5,28.00140085,25.91355009,NA,NA,NA,NA,5,1,NA,NA,NA,NA,NA,NA,Figure 19
Gerard 1976,NA,Macrocystis pyrifera,Point Cabrillo,Winter,9,Benthic,Lamina,Fresh,5,36.95325459,27.84049991,NA,NA,NA,NA,5,1,NA,NA,NA,NA,NA,NA,Figure 19
Gerard 1976,NA,Macrocystis pyrifera,Point Cabrillo,Winter,9,Benthic,Lamina,Fresh,5,36.98324471,17.82072729,NA,NA,NA,NA,5,1,NA,NA,NA,NA,NA,NA,Figure 19
Gerard 1976,NA,Macrocystis pyrifera,Point Cabrillo,Winter,9,Benthic,Lamina,Fresh,5,37.08268564,31.96569175,NA,NA,NA,NA,5,1,NA,NA,NA,NA,NA,NA,Figure 19
Gerard 1976,NA,Macrocystis pyrifera,Point Cabrillo,Winter,9,Benthic,Lamina,Fresh,5,41.95736273,25.36363726,NA,NA,NA,NA,5,1,NA,NA,NA,NA,NA,NA,Figure 19
Gerard 1976,NA,Macrocystis pyrifera,Point Cabrillo,Winter,9,Benthic,Lamina,Fresh,5,41.97462678,27.81936026,NA,NA,NA,NA,5,1,NA,NA,NA,NA,NA,NA,Figure 19
Gerard 1976,NA,Macrocystis pyrifera,Point Cabrillo,Winter,9,Benthic,Lamina,Fresh,5,41.98320948,14.75449112,NA,NA,NA,NA,5,1,NA,NA,NA,NA,NA,NA,Figure 19
Gerard 1976,NA,Macrocystis pyrifera,Point Cabrillo,Winter,9,Benthic,Lamina,Fresh,5,48.97001974,22.87831875,NA,NA,NA,NA,5,1,NA,NA,NA,NA,NA,NA,Figure 19
Gerard 1976,NA,Macrocystis pyrifera,Point Cabrillo,Winter,9,Benthic,Lamina,Fresh,5,48.98619863,10.89396773,NA,NA,NA,NA,5,1,NA,NA,NA,NA,NA,NA,Figure 19
Gerard 1976,NA,Macrocystis pyrifera,Point Cabrillo,Winter,9,Benthic,Lamina,Fresh,5,49.05594539,20.81508864,NA,NA,NA,NA,5,1,NA,NA,NA,NA,NA,NA,Figure 19
Gerard 1976,NA,Macrocystis pyrifera,Point Cabrillo,Winter,9,Benthic,Lamina,Fresh,5,55.97162777,18.82133752,NA,NA,NA,NA,5,1,NA,NA,NA,NA,NA,NA,Figure 19
Gerard 1976,NA,Macrocystis pyrifera,Point Cabrillo,Winter,9,Benthic,Lamina,Fresh,5,55.99471227,7.819275699,NA,NA,NA,NA,5,1,NA,NA,NA,NA,NA,NA,Figure 19
Gerard 1976,NA,Macrocystis pyrifera,Point Cabrillo,Winter,9,Benthic,Lamina,Fresh,5,56.04305161,14.69530009,NA,NA,NA,NA,5,1,NA,NA,NA,NA,NA,NA,Figure 19
Gerard 1976,NA,Macrocystis pyrifera,Point Cabrillo,Winter,9,Benthic,Lamina,Fresh,5,62.94630387,10.93342841,NA,NA,NA,NA,5,1,NA,NA,NA,NA,NA,NA,Figure 19
Gerard 1976,NA,Macrocystis pyrifera,Point Cabrillo,Winter,9,Benthic,Lamina,Fresh,5,62.95390005,12.01394653,NA,NA,NA,NA,5,1,NA,NA,NA,NA,NA,NA,Figure 19
Gerard 1976,NA,Macrocystis pyrifera,Point Cabrillo,Winter,9,Benthic,Lamina,Fresh,5,63.01772771,6.807390986,NA,NA,NA,NA,5,1,NA,NA,NA,NA,NA,NA,Figure 19
Albright et al. 1982,10.1515/9783110837988-015,Macrocystis pyrifera,Dixon Island,Autumn,0,Benthic,Lamina,Fresh,1.5,4.8533335,67.37288,NA,NA,NA,NA,1,1,NA,NA,NA,NA,NA,NA,Figure 2
Albright et al. 1982,10.1515/9783110837988-015,Macrocystis pyrifera,Dixon Island,Autumn,0,Benthic,Lamina,Fresh,1.5,10.378667,67.58475,NA,NA,NA,NA,1,1,NA,NA,NA,NA,NA,NA,Figure 2
Albright et al. 1982,10.1515/9783110837988-015,Macrocystis pyrifera,Dixon Island,Autumn,0,Benthic,Lamina,Fresh,1.5,13.738667,45.974576,NA,NA,NA,NA,1,1,NA,NA,NA,NA,NA,NA,Figure 2
Albright et al. 1982,10.1515/9783110837988-015,Macrocystis pyrifera,Dixon Island,Autumn,0,Benthic,Lamina,Fresh,1.5,14.485333,25.42373,NA,NA,NA,NA,1,1,NA,NA,NA,NA,NA,NA,Figure 2
Albright et al. 1982,10.1515/9783110837988-015,Macrocystis pyrifera,Dixon Island,Autumn,0,Benthic,Lamina,Fresh,1.5,38.528,11.652543,NA,NA,NA,NA,1,1,NA,NA,NA,NA,NA,NA,Figure 2
Albright et al. 1982,10.1515/9783110837988-015,Macrocystis pyrifera,Dixon Island,Autumn,0,Benthic,Lamina,Fresh,1.5,45.621334,8.6864404,NA,NA,NA,NA,1,1,NA,NA,NA,NA,NA,NA,Figure 2
Albright et al. 1982,10.1515/9783110837988-015,Macrocystis pyrifera,Dixon Island,Autumn,0,Benthic,Lamina,Fresh,1.5,52.64,0,NA,NA,NA,NA,1,1,NA,NA,NA,NA,NA,NA,Figure 2
Albright et al. 1982,10.1515/9783110837988-015,Macrocystis pyrifera,Dixon Island,Autumn,10,Pelagic,Lamina,Fresh,1.5,0,100,NA,NA,NA,NA,1,1,14.3,NA,NA,NA,Final,1,"Figure 2, Table 1"
Albright et al. 1982,10.1515/9783110837988-015,Macrocystis pyrifera,Dixon Island,Autumn,10,Pelagic,Lamina,Fresh,1.5,4.6293335,96.18644,NA,NA,NA,NA,1,1,13.9,NA,NA,NA,Final,1,"Figure 2, Table 1"
Albright et al. 1982,10.1515/9783110837988-015,Macrocystis pyrifera,Dixon Island,Autumn,10,Pelagic,Lamina,Fresh,1.5,10.005333,98.51695,NA,NA,NA,NA,1,1,13.9,NA,NA,NA,Final,1,"Figure 2, Table 1"
Albright et al. 1982,10.1515/9783110837988-015,Macrocystis pyrifera,Dixon Island,Autumn,10,Pelagic,Lamina,Fresh,1.5,13.44,70.55085,NA,NA,NA,NA,1,1,12.6,NA,NA,NA,Final,1,"Figure 2, Table 1"
Albright et al. 1982,10.1515/9783110837988-015,Macrocystis pyrifera,Dixon Island,Autumn,10,Pelagic,Lamina,Fresh,1.5,15.008,62.711865,NA,NA,NA,NA,1,1,12.6,NA,NA,NA,Final,1,"Figure 2, Table 1"
Albright et al. 1982,10.1515/9783110837988-015,Macrocystis pyrifera,Dixon Island,Autumn,10,Pelagic,Lamina,Fresh,1.5,27.402666,36.228815,NA,NA,NA,NA,1,1,13.6,NA,NA,NA,Final,1,"Figure 2, Table 1"
Albright et al. 1982,10.1515/9783110837988-015,Macrocystis pyrifera,Dixon Island,Autumn,10,Pelagic,Lamina,Fresh,1.5,42.037334,17.584746,NA,NA,NA,NA,1,1,10.6,NA,NA,NA,Final,1,"Figure 2, Table 1"
Albright et al. 1982,10.1515/9783110837988-015,Macrocystis pyrifera,Dixon Island,Autumn,10,Pelagic,Lamina,Fresh,1.5,55.328,0,NA,NA,NA,NA,1,1,10.4,NA,NA,NA,Final,1,"Figure 2, Table 1"
Albright et al. 1982,10.1515/9783110837988-015,Macrocystis pyrifera,Dixon Island,Autumn,0,Benthic,Stipe,Fresh,1.5,4.742057,92.44622,NA,NA,NA,NA,1,1,NA,NA,NA,NA,NA,NA,Figure 2
Albright et al. 1982,10.1515/9783110837988-015,Macrocystis pyrifera,Dixon Island,Autumn,0,Benthic,Stipe,Fresh,1.5,10.408601,88.71835,NA,NA,NA,NA,1,1,NA,NA,NA,NA,NA,NA,Figure 2
Albright et al. 1982,10.1515/9783110837988-015,Macrocystis pyrifera,Dixon Island,Autumn,0,Benthic,Stipe,Fresh,1.5,12.598218,72.649515,NA,NA,NA,NA,1,1,NA,NA,NA,NA,NA,NA,Figure 2
Albright et al. 1982,10.1515/9783110837988-015,Macrocystis pyrifera,Dixon Island,Autumn,0,Benthic,Stipe,Fresh,1.5,15.450898,60.40434,NA,NA,NA,NA,1,1,NA,NA,NA,NA,NA,NA,Figure 2
Albright et al. 1982,10.1515/9783110837988-015,Macrocystis pyrifera,Dixon Island,Autumn,0,Benthic,Stipe,Fresh,1.5,43.463177,14.005432,NA,NA,NA,NA,1,1,NA,NA,NA,NA,NA,NA,Figure 2
Albright et al. 1982,10.1515/9783110837988-015,Macrocystis pyrifera,Dixon Island,Autumn,0,Benthic,Stipe,Fresh,1.5,52.870846,0,NA,NA,NA,NA,1,1,NA,NA,NA,NA,NA,NA,Figure 2
Albright et al. 1982,10.1515/9783110837988-015,Macrocystis pyrifera,Dixon Island,Autumn,10,Pelagic,Stipe,Fresh,1.5,0,100,NA,NA,NA,NA,1,1,29.5,NA,NA,NA,Final,1,"Figure 2, Table 1"
Albright et al. 1982,10.1515/9783110837988-015,Macrocystis pyrifera,Dixon Island,Autumn,10,Pelagic,Stipe,Fresh,1.5,4.7373037,94.98856,NA,NA,NA,NA,1,1,27.3,NA,NA,NA,Final,1,"Figure 2, Table 1"
Albright et al. 1982,10.1515/9783110837988-015,Macrocystis pyrifera,Dixon Island,Autumn,10,Pelagic,Stipe,Fresh,1.5,10.325817,93.16632,NA,NA,NA,NA,1,1,27.3,NA,NA,NA,Final,1,"Figure 2, Table 1"
Albright et al. 1982,10.1515/9783110837988-015,Macrocystis pyrifera,Dixon Island,Autumn,10,Pelagic,Stipe,Fresh,1.5,12.563361,91.29337,NA,NA,NA,NA,1,1,28.7,NA,NA,NA,Final,1,"Figure 2, Table 1"
Albright et al. 1982,10.1515/9783110837988-015,Macrocystis pyrifera,Dixon Island,Autumn,10,Pelagic,Stipe,Fresh,1.5,15.568143,77.35556,NA,NA,NA,NA,1,1,28.7,NA,NA,NA,Final,1,"Figure 2, Table 1"
Albright et al. 1982,10.1515/9783110837988-015,Macrocystis pyrifera,Dixon Island,Autumn,10,Pelagic,Stipe,Fresh,1.5,27.938604,32.838613,NA,NA,NA,NA,1,1,15.1,NA,NA,NA,Final,1,"Figure 2, Table 1"
Albright et al. 1982,10.1515/9783110837988-015,Macrocystis pyrifera,Dixon Island,Autumn,10,Pelagic,Stipe,Fresh,1.5,29.878681,30.749294,NA,NA,NA,NA,1,1,15.1,NA,NA,NA,Final,1,"Figure 2, Table 1"
Albright et al. 1982,10.1515/9783110837988-015,Macrocystis pyrifera,Dixon Island,Autumn,10,Pelagic,Stipe,Fresh,1.5,32.411713,30.152023,NA,NA,NA,NA,1,1,18.8,NA,NA,NA,Final,1,"Figure 2, Table 1"
Albright et al. 1982,10.1515/9783110837988-015,Macrocystis pyrifera,Dixon Island,Autumn,10,Pelagic,Stipe,Fresh,1.5,38.696564,14.357032,NA,NA,NA,NA,1,1,21.5,NA,NA,NA,Final,1,"Figure 2, Table 1"
Albright et al. 1982,10.1515/9783110837988-015,Macrocystis pyrifera,Dixon Island,Autumn,10,Pelagic,Stipe,Fresh,1.5,55.476757,0,NA,NA,NA,NA,1,1,16.1,NA,NA,NA,Final,1,"Figure 2, Table 1"
Albright et al. 1982,10.1515/9783110837988-015,Nereocystis lutkeana,Brockton Point,Autumn,0,Benthic,Lamina,Fresh,1.5,4.2918324,89.53653,NA,NA,NA,NA,1,1,NA,NA,NA,NA,NA,NA,Figure 2
Albright et al. 1982,10.1515/9783110837988-015,Nereocystis lutkeana,Brockton Point,Autumn,0,Benthic,Lamina,Fresh,1.5,10.733134,34.02981,NA,NA,NA,NA,1,1,NA,NA,NA,NA,NA,NA,Figure 2
Albright et al. 1982,10.1515/9783110837988-015,Nereocystis lutkeana,Brockton Point,Autumn,0,Benthic,Lamina,Fresh,1.5,36.609035,0,NA,NA,NA,NA,1,1,NA,NA,NA,NA,NA,NA,Figure 2
Albright et al. 1982,10.1515/9783110837988-015,Nereocystis lutkeana,Brockton Point,Autumn,10,Pelagic,Lamina,Fresh,1.5,4.3636947,91.68333,NA,NA,NA,NA,1,1,NA,NA,NA,NA,NA,NA,Figure 2
Albright et al. 1982,10.1515/9783110837988-015,Nereocystis lutkeana,Brockton Point,Autumn,10,Pelagic,Lamina,Fresh,1.5,7.4565845,74.980277,NA,NA,NA,NA,1,1,NA,NA,NA,NA,NA,NA,Figure 2
Albright et al. 1982,10.1515/9783110837988-015,Nereocystis lutkeana,Brockton Point,Autumn,10,Pelagic,Lamina,Fresh,1.5,36.525764,6.428643,NA,NA,NA,NA,1,1,NA,NA,NA,NA,NA,NA,Figure 2
Albright et al. 1982,10.1515/9783110837988-015,Nereocystis lutkeana,Brockton Point,Autumn,0,Benthic,Pneumatocyst,Fresh,1.5,10.454161,94.591904,NA,NA,NA,NA,1,1,NA,NA,NA,NA,NA,NA,Figure 2
Albright et al. 1982,10.1515/9783110837988-015,Nereocystis lutkeana,Brockton Point,Autumn,0,Benthic,Pneumatocyst,Fresh,1.5,14.141321,84.584117,NA,NA,NA,NA,1,1,NA,NA,NA,NA,NA,NA,Figure 2
Albright et al. 1982,10.1515/9783110837988-015,Nereocystis lutkeana,Brockton Point,Autumn,0,Benthic,Pneumatocyst,Fresh,1.5,26.007492,64.637244,NA,NA,NA,NA,1,1,NA,NA,NA,NA,NA,NA,Figure 2
Albright et al. 1982,10.1515/9783110837988-015,Nereocystis lutkeana,Brockton Point,Autumn,0,Benthic,Pneumatocyst,Fresh,1.5,28.263826,59.104335,NA,NA,NA,NA,1,1,NA,NA,NA,NA,NA,NA,Figure 2
Albright et al. 1982,10.1515/9783110837988-015,Nereocystis lutkeana,Brockton Point,Autumn,0,Benthic,Pneumatocyst,Fresh,1.5,30.003717,49.49503,NA,NA,NA,NA,1,1,NA,NA,NA,NA,NA,NA,Figure 2
Albright et al. 1982,10.1515/9783110837988-015,Nereocystis lutkeana,Brockton Point,Autumn,0,Benthic,Pneumatocyst,Fresh,1.5,45.48779,16.541474,NA,NA,NA,NA,1,1,NA,NA,NA,NA,NA,NA,Figure 2
Albright et al. 1982,10.1515/9783110837988-015,Nereocystis lutkeana,Brockton Point,Autumn,10,Pelagic,Pneumatocyst,Fresh,1.5,10.471375,85.38451,NA,NA,NA,NA,1,1,NA,NA,NA,NA,NA,NA,Figure 2
Albright et al. 1982,10.1515/9783110837988-015,Nereocystis lutkeana,Brockton Point,Autumn,10,Pelagic,Pneumatocyst,Fresh,1.5,14.089276,72.377825,NA,NA,NA,NA,1,1,NA,NA,NA,NA,NA,NA,Figure 2
Albright et al. 1982,10.1515/9783110837988-015,Nereocystis lutkeana,Brockton Point,Autumn,10,Pelagic,Pneumatocyst,Fresh,1.5,26.088762,61.212385,NA,NA,NA,NA,1,1,NA,NA,NA,NA,NA,NA,Figure 2
Albright et al. 1982,10.1515/9783110837988-015,Nereocystis lutkeana,Brockton Point,Autumn,10,Pelagic,Pneumatocyst,Fresh,1.5,28.32668,25.486648,NA,NA,NA,NA,1,1,NA,NA,NA,NA,NA,NA,Figure 2
Albright et al. 1982,10.1515/9783110837988-015,Nereocystis lutkeana,Brockton Point,Autumn,10,Pelagic,Pneumatocyst,Fresh,1.5,30.733143,19.741905,NA,NA,NA,NA,1,1,NA,NA,NA,NA,NA,NA,Figure 2
Albright et al. 1982,10.1515/9783110837988-015,Nereocystis lutkeana,Brockton Point,Autumn,10,Pelagic,Pneumatocyst,Fresh,1.5,35.10569,3.5347868,NA,NA,NA,NA,1,1,NA,NA,NA,NA,NA,NA,Figure 2
"Smith 1979, Smith and Foreman 1984",10.1007/BF00393005,Nereocystis lutkeana,Bath Island,Summer,6,Benthic,Stipe,Dead,2,6.265985,30.913336,NA,NA,NA,NA,1,1,NA,NA,NA,NA,NA,NA,Figure 6h
"Smith 1979, Smith and Foreman 1984",10.1007/BF00393005,Nereocystis lutkeana,Bath Island,Summer,6,Benthic,Stipe,Dead,2,13.266185,6.538142,NA,NA,NA,NA,1,1,NA,NA,NA,NA,NA,NA,Figure 6h
"Smith 1979, Smith and Foreman 1984",10.1007/BF00393005,Nereocystis lutkeana,Bath Island,Summer,6,Benthic,Stipe,Dead,2,19.288675,1.0891211,NA,NA,NA,NA,1,1,NA,NA,NA,NA,NA,NA,Figure 6h
"Smith 1979, Smith and Foreman 1984",10.1007/BF00393005,Nereocystis lutkeana,Bath Island,Summer,6,Benthic,Lamina,Dead,2,2.1329145,53.963074,NA,NA,NA,NA,1,1,NA,NA,NA,NA,NA,NA,Figure 6i
"Smith 1979, Smith and Foreman 1984",10.1007/BF00393005,Nereocystis lutkeana,Bath Island,Summer,6,Benthic,Lamina,Dead,2,4.1267033,6.2956324,NA,NA,NA,NA,1,1,NA,NA,NA,NA,NA,NA,Figure 6i
"Smith 1979, Smith and Foreman 1984",10.1007/BF00393005,Nereocystis lutkeana,Bath Island,Summer,6,Benthic,Lamina,Dead,2,6.1080623,0.93967205,NA,NA,NA,NA,1,1,NA,NA,NA,NA,NA,NA,Figure 6i
"Smith 1979, Smith and Foreman 1984",10.1007/BF00393005,Saccharina latissima,Bath Island,Summer,6,Benthic,Lamina,Dead,2,3.1816223,31.268353,NA,NA,NA,NA,1,1,NA,NA,NA,NA,NA,NA,Figure 6j
"Smith 1979, Smith and Foreman 1984",10.1007/BF00393005,Saccharina latissima,Bath Island,Summer,6,Benthic,Lamina,Dead,2,8.190916,14.841478,NA,NA,NA,NA,1,1,NA,NA,NA,NA,NA,NA,Figure 6j
"Smith 1979, Smith and Foreman 1984",10.1007/BF00393005,Saccharina latissima,Bath Island,Summer,6,Benthic,Lamina,Dead,2,8.195768,12.165448,NA,NA,NA,NA,1,1,NA,NA,NA,NA,NA,NA,Figure 6j
"Smith 1979, Smith and Foreman 1984",10.1007/BF00393005,Saccharina latissima,Bath Island,Summer,6,Benthic,Lamina,Dead,2,9.195313,11.152825,NA,NA,NA,NA,1,1,NA,NA,NA,NA,NA,NA,Figure 6j
"Smith 1979, Smith and Foreman 1984",10.1007/BF00393005,Saccharina latissima,Bath Island,Summer,6,Benthic,Lamina,Dead,2,9.20391,12.655541,NA,NA,NA,NA,1,1,NA,NA,NA,NA,NA,NA,Figure 6j
Bedford and Moore 1984,10.1016/0272-7714(84)90009-X,Saccharina latissima,Wishing Well,Autumn,20,Benthic,Lamina,Fresh,1,13.042942,81.544758,NA,NA,NA,NA,1,1,NA,NA,NA,NA,NA,NA,Figure 3
Bedford and Moore 1984,10.1016/0272-7714(84)90009-X,Saccharina latissima,Wishing Well,Autumn,20,Benthic,Lamina,Fresh,1,22.04223,55.002163,NA,NA,NA,NA,1,1,NA,NA,NA,NA,NA,NA,Figure 3
Bedford and Moore 1984,10.1016/0272-7714(84)90009-X,Saccharina latissima,Wishing Well,Autumn,20,Benthic,Lamina,Fresh,1,27.365503,63.174255,NA,NA,NA,NA,1,1,NA,NA,NA,NA,NA,NA,Figure 3
Bedford and Moore 1984,10.1016/0272-7714(84)90009-X,Saccharina latissima,Wishing Well,Autumn,20,Benthic,Lamina,Fresh,1,33.66618,31.872986,NA,NA,NA,NA,1,1,NA,NA,NA,NA,NA,NA,Figure 3
Bedford and Moore 1984,10.1016/0272-7714(84)90009-X,Saccharina latissima,Wishing Well,Autumn,20,Benthic,Lamina,Fresh,1,46.98645,22.91259,NA,NA,NA,NA,1,1,NA,NA,NA,NA,NA,NA,Figure 3
Bedford and Moore 1984,10.1016/0272-7714(84)90009-X,Saccharina latissima,Wishing Well,Autumn,20,Benthic,Lamina,Fresh,1,60.291786,17.274895,NA,NA,NA,NA,1,1,NA,NA,NA,NA,NA,NA,Figure 3
Bedford and Moore 1984,10.1016/0272-7714(84)90009-X,Saccharina latissima,Wishing Well,Autumn,20,Benthic,Lamina,Fresh,50,13.2285385,93.6499453,NA,NA,NA,NA,1,1,NA,NA,NA,NA,NA,NA,Figure 3
Bedford and Moore 1984,10.1016/0272-7714(84)90009-X,Saccharina latissima,Wishing Well,Autumn,20,Benthic,Lamina,Fresh,50,21.385532,76.518158,NA,NA,NA,NA,1,1,NA,NA,NA,NA,NA,NA,Figure 3
Bedford and Moore 1984,10.1016/0272-7714(84)90009-X,Saccharina latissima,Wishing Well,Autumn,20,Benthic,Lamina,Fresh,50,26.388456,84.767956,NA,NA,NA,NA,1,1,NA,NA,NA,NA,NA,NA,Figure 3
Bedford and Moore 1984,10.1016/0272-7714(84)90009-X,Saccharina latissima,Wishing Well,Autumn,20,Benthic,Lamina,Fresh,50,33.44325,81.476194,NA,NA,NA,NA,1,1,NA,NA,NA,NA,NA,NA,Figure 3
Bedford and Moore 1984,10.1016/0272-7714(84)90009-X,Saccharina latissima,Wishing Well,Autumn,20,Benthic,Lamina,Fresh,50,47.054714,78.925272,NA,NA,NA,NA,1,1,NA,NA,NA,NA,NA,NA,Figure 3
Bedford and Moore 1984,10.1016/0272-7714(84)90009-X,Saccharina latissima,Wishing Well,Autumn,20,Benthic,Lamina,Fresh,50,60.108322,58.096672,NA,NA,NA,NA,1,1,NA,NA,NA,NA,NA,NA,Figure 3
Bedford and Moore 1984,10.1016/0272-7714(84)90009-X,Saccharina latissima,Wishing Well,Winter,20,Benthic,Lamina,Fresh,1,8.840487,90.911553,NA,NA,NA,NA,1,1,NA,NA,NA,NA,NA,NA,Figure 3
Bedford and Moore 1984,10.1016/0272-7714(84)90009-X,Saccharina latissima,Wishing Well,Winter,20,Benthic,Lamina,Fresh,1,43.75193,90.796696,NA,NA,NA,NA,1,1,NA,NA,NA,NA,NA,NA,Figure 3
Bedford and Moore 1984,10.1016/0272-7714(84)90009-X,Saccharina latissima,Wishing Well,Winter,20,Benthic,Lamina,Fresh,1,43.5462,81.200562,NA,NA,NA,NA,1,1,NA,NA,NA,NA,NA,NA,Figure 3
Bedford and Moore 1984,10.1016/0272-7714(84)90009-X,Saccharina latissima,Wishing Well,Winter,20,Benthic,Lamina,Fresh,1,63.679142,49.15465,NA,NA,NA,NA,1,1,NA,NA,NA,NA,NA,NA,Figure 3
Bedford and Moore 1984,10.1016/0272-7714(84)90009-X,Saccharina latissima,Wishing Well,Winter,20,Benthic,Lamina,Fresh,1,77.058266,47.139984,NA,NA,NA,NA,1,1,NA,NA,NA,NA,NA,NA,Figure 3
Bedford and Moore 1984,10.1016/0272-7714(84)90009-X,Saccharina latissima,Wishing Well,Winter,20,Benthic,Lamina,Fresh,1,96.95898,35.15639,NA,NA,NA,NA,1,1,NA,NA,NA,NA,NA,NA,Figure 3
Bedford and Moore 1984,10.1016/0272-7714(84)90009-X,Saccharina latissima,Wishing Well,Winter,20,Benthic,Lamina,Fresh,50,8.900895,96.3835294,NA,NA,NA,NA,1,1,NA,NA,NA,NA,NA,NA,Figure 3
Bedford and Moore 1984,10.1016/0272-7714(84)90009-X,Saccharina latissima,Wishing Well,Winter,20,Benthic,Lamina,Fresh,50,43.57669,94.9990263,NA,NA,NA,NA,1,1,NA,NA,NA,NA,NA,NA,Figure 3
Bedford and Moore 1984,10.1016/0272-7714(84)90009-X,Saccharina latissima,Wishing Well,Winter,20,Benthic,Lamina,Fresh,50,43.60205,87.941335,NA,NA,NA,NA,1,1,NA,NA,NA,NA,NA,NA,Figure 3
Bedford and Moore 1984,10.1016/0272-7714(84)90009-X,Saccharina latissima,Wishing Well,Winter,20,Benthic,Lamina,Fresh,50,63.814777,78.258562,NA,NA,NA,NA,1,1,NA,NA,NA,NA,NA,NA,Figure 3
Bedford and Moore 1984,10.1016/0272-7714(84)90009-X,Saccharina latissima,Wishing Well,Winter,20,Benthic,Lamina,Fresh,50,77.57431,81.796297,NA,NA,NA,NA,1,1,NA,NA,NA,NA,NA,NA,Figure 3
Bedford and Moore 1984,10.1016/0272-7714(84)90009-X,Saccharina latissima,Wishing Well,Winter,20,Benthic,Lamina,Fresh,50,99.084114,45.393692,NA,NA,NA,NA,1,1,NA,NA,NA,NA,NA,NA,Figure 3
Bedford and Moore 1984,10.1016/0272-7714(84)90009-X,Saccharina latissima,Wishing Well,Spring,20,Benthic,Lamina,Fresh,1,23.795633,71.63157,NA,NA,NA,NA,1,1,NA,NA,NA,NA,NA,NA,Figure 3
Bedford and Moore 1984,10.1016/0272-7714(84)90009-X,Saccharina latissima,Wishing Well,Spring,20,Benthic,Lamina,Fresh,1,38.73391,49.871727,NA,NA,NA,NA,1,1,NA,NA,NA,NA,NA,NA,Figure 3
Bedford and Moore 1984,10.1016/0272-7714(84)90009-X,Saccharina latissima,Wishing Well,Spring,20,Benthic,Lamina,Fresh,1,49.59659,23.284805,NA,NA,NA,NA,1,1,NA,NA,NA,NA,NA,NA,Figure 3
Bedford and Moore 1984,10.1016/0272-7714(84)90009-X,Saccharina latissima,Wishing Well,Spring,20,Benthic,Lamina,Fresh,1,58.64574,8.72667,NA,NA,NA,NA,1,1,NA,NA,NA,NA,NA,NA,Figure 3
Bedford and Moore 1984,10.1016/0272-7714(84)90009-X,Saccharina latissima,Wishing Well,Spring,20,Benthic,Lamina,Fresh,1,77.99773,7.914154,NA,NA,NA,NA,1,1,NA,NA,NA,NA,NA,NA,Figure 3
Bedford and Moore 1984,10.1016/0272-7714(84)90009-X,Saccharina latissima,Wishing Well,Spring,20,Benthic,Lamina,Fresh,50,23.708187,73.454721,NA,NA,NA,NA,1,1,NA,NA,NA,NA,NA,NA,Figure 3
Bedford and Moore 1984,10.1016/0272-7714(84)90009-X,Saccharina latissima,Wishing Well,Spring,20,Benthic,Lamina,Fresh,50,38.519485,63.583256,NA,NA,NA,NA,1,1,NA,NA,NA,NA,NA,NA,Figure 3
Bedford and Moore 1984,10.1016/0272-7714(84)90009-X,Saccharina latissima,Wishing Well,Spring,20,Benthic,Lamina,Fresh,50,49.74842,66.391273,NA,NA,NA,NA,1,1,NA,NA,NA,NA,NA,NA,Figure 3
Bedford and Moore 1984,10.1016/0272-7714(84)90009-X,Saccharina latissima,Wishing Well,Spring,20,Benthic,Lamina,Fresh,50,58.65906,46.21651,NA,NA,NA,NA,1,1,NA,NA,NA,NA,NA,NA,Figure 3
Bedford and Moore 1984,10.1016/0272-7714(84)90009-X,Saccharina latissima,Wishing Well,Spring,20,Benthic,Lamina,Fresh,50,77.48544,36.139248,NA,NA,NA,NA,1,1,NA,NA,NA,NA,NA,NA,Figure 3
Bedford and Moore 1984,10.1016/0272-7714(84)90009-X,Saccharina latissima,Wishing Well,Spring,20,Benthic,Lamina,Fresh,50,87.481674,25.741615,NA,NA,NA,NA,1,1,NA,NA,NA,NA,NA,NA,Figure 3
Bedford and Moore 1984,10.1016/0272-7714(84)90009-X,Saccharina latissima,Wishing Well,Summer,20,Benthic,Lamina,Fresh,1,20.222197,91.22736,NA,NA,NA,NA,1,1,NA,NA,NA,NA,NA,NA,Figure 3
Bedford and Moore 1984,10.1016/0272-7714(84)90009-X,Saccharina latissima,Wishing Well,Summer,20,Benthic,Lamina,Fresh,1,34.531467,93.0268626,NA,NA,NA,NA,1,1,NA,NA,NA,NA,NA,NA,Figure 3
Bedford and Moore 1984,10.1016/0272-7714(84)90009-X,Saccharina latissima,Wishing Well,Summer,20,Benthic,Lamina,Fresh,1,47.078583,72.542313,NA,NA,NA,NA,1,1,NA,NA,NA,NA,NA,NA,Figure 3
Bedford and Moore 1984,10.1016/0272-7714(84)90009-X,Saccharina latissima,Wishing Well,Summer,20,Benthic,Lamina,Fresh,1,58.631886,38.90667,NA,NA,NA,NA,1,1,NA,NA,NA,NA,NA,NA,Figure 3
Bedford and Moore 1984,10.1016/0272-7714(84)90009-X,Saccharina latissima,Wishing Well,Summer,20,Benthic,Lamina,Fresh,1,82.39672,8.74372,NA,NA,NA,NA,1,1,NA,NA,NA,NA,NA,NA,Figure 3
Bedford and Moore 1984,10.1016/0272-7714(84)90009-X,Saccharina latissima,Wishing Well,Summer,20,Benthic,Lamina,Fresh,1,83.59337,11.231094,NA,NA,NA,NA,1,1,NA,NA,NA,NA,NA,NA,Figure 3
Bedford and Moore 1984,10.1016/0272-7714(84)90009-X,Saccharina latissima,Wishing Well,Summer,20,Benthic,Lamina,Fresh,50,20.90242,81.879974,NA,NA,NA,NA,1,1,NA,NA,NA,NA,NA,NA,Figure 3
Bedford and Moore 1984,10.1016/0272-7714(84)90009-X,Saccharina latissima,Wishing Well,Summer,20,Benthic,Lamina,Fresh,50,34.49021,62.640545,NA,NA,NA,NA,1,1,NA,NA,NA,NA,NA,NA,Figure 3
Bedford and Moore 1984,10.1016/0272-7714(84)90009-X,Saccharina latissima,Wishing Well,Summer,20,Benthic,Lamina,Fresh,50,47.9188,63.414577,NA,NA,NA,NA,1,1,NA,NA,NA,NA,NA,NA,Figure 3
Bedford and Moore 1984,10.1016/0272-7714(84)90009-X,Saccharina latissima,Wishing Well,Summer,20,Benthic,Lamina,Fresh,50,58.160316,15.67724,NA,NA,NA,NA,1,1,NA,NA,NA,NA,NA,NA,Figure 3
Bedford and Moore 1984,10.1016/0272-7714(84)90009-X,Saccharina latissima,Wishing Well,Summer,20,Benthic,Lamina,Fresh,50,83.30062,24.30497,NA,NA,NA,NA,1,1,NA,NA,NA,NA,NA,NA,Figure 3
Bedford and Moore 1984,10.1016/0272-7714(84)90009-X,Saccharina latissima,Wishing Well,Summer,20,Benthic,Lamina,Fresh,50,84.00959,7.653305,NA,NA,NA,NA,1,1,NA,NA,NA,NA,NA,NA,Figure 3
Rieper-Kirchner 1989,10.1515/botm.1989.32.3.241,Laminaria digitata,Helgoland,Spring,6,Benthic,Lamina,Dead,0.18,16,33,NA,NA,NA,NA,1,4,9.321673,NA,NA,NA,Final,4,"Table 3, Figure 5"
Rieper-Kirchner 1989,10.1515/botm.1989.32.3.241,Laminaria digitata,Helgoland,Spring,6,Benthic,Lamina,Dead,0.18,43,3.5,NA,NA,NA,NA,1,4,7.008365,NA,NA,NA,Final,4,"Table 3, Figure 5"
Rieper-Kirchner 1989,10.1515/botm.1989.32.3.241,Laminaria digitata,Helgoland,Summer,6,Benthic,Lamina,Dead,0.18,11,10.5,NA,NA,NA,NA,1,4,9.622813,NA,NA,NA,Final,4,"Table 3, Figure 5"
Rieper-Kirchner 1989,10.1515/botm.1989.32.3.241,Laminaria digitata,Helgoland,Summer,6,Benthic,Lamina,Dead,0.18,21,2.4,NA,NA,NA,NA,1,4,7.638023,NA,NA,NA,Final,4,"Table 3, Figure 5"
Harrold et al. 1998,10.4319/lo.1998.43.4.0669,Macrocystis pyrifera,Carmel Submarine Canyon,Winter,300,Benthic,Lamina,Fresh,NA,40,0.4,NA,0.2,2.49,NA,1,NA,NA,NA,NA,NA,NA,NA,Text
Hobday 2000,10.1016/S0022-0981(00)00250-1,Macrocystis pyrifera,Southern California Bight,Summer,0,Pelagic,Sporophyte,Fresh,None,0.512992932,95.13729658,NA,NA,NA,NA,1,1,NA,NA,NA,NA,NA,NA,Figure 2c
Hobday 2000,10.1016/S0022-0981(00)00250-1,Macrocystis pyrifera,Southern California Bight,Summer,0,Pelagic,Sporophyte,Fresh,None,0.783807382,90.6777358,NA,NA,NA,NA,1,1,NA,NA,NA,NA,NA,NA,Figure 2c
Hobday 2000,10.1016/S0022-0981(00)00250-1,Macrocystis pyrifera,Southern California Bight,Summer,0,Pelagic,Sporophyte,Fresh,None,3.264881659,49.51967761,NA,NA,NA,NA,1,1,NA,NA,NA,NA,NA,NA,Figure 2c
Hobday 2000,10.1016/S0022-0981(00)00250-1,Macrocystis pyrifera,Southern California Bight,Summer,0,Pelagic,Sporophyte,Fresh,None,3.532422704,78.35298792,NA,NA,NA,NA,1,1,NA,NA,NA,NA,NA,NA,Figure 2c
Hobday 2000,10.1016/S0022-0981(00)00250-1,Macrocystis pyrifera,Southern California Bight,Summer,0,Pelagic,Sporophyte,Fresh,None,4.644973381,137.6890594,NA,NA,NA,NA,1,1,NA,NA,NA,NA,NA,NA,Figure 2c
Hobday 2000,10.1016/S0022-0981(00)00250-1,Macrocystis pyrifera,Southern California Bight,Summer,0,Pelagic,Sporophyte,Fresh,None,5.710541497,26.17965656,NA,NA,NA,NA,1,1,NA,NA,NA,NA,NA,NA,Figure 2c
Hobday 2000,10.1016/S0022-0981(00)00250-1,Macrocystis pyrifera,Southern California Bight,Summer,0,Pelagic,Sporophyte,Fresh,None,7.315456916,145.4078716,NA,NA,NA,NA,1,1,NA,NA,NA,NA,NA,NA,Figure 2c
Hobday 2000,10.1016/S0022-0981(00)00250-1,Macrocystis pyrifera,Southern California Bight,Summer,0,Pelagic,Sporophyte,Fresh,None,7.622299217,86.62004013,NA,NA,NA,NA,1,1,NA,NA,NA,NA,NA,NA,Figure 2c
Hobday 2000,10.1016/S0022-0981(00)00250-1,Macrocystis pyrifera,Southern California Bight,Summer,0,Pelagic,Sporophyte,Fresh,None,9.788105953,142.6230675,NA,NA,NA,NA,1,1,NA,NA,NA,NA,NA,NA,Figure 2c
Hobday 2000,10.1016/S0022-0981(00)00250-1,Macrocystis pyrifera,Southern California Bight,Summer,0,Pelagic,Sporophyte,Fresh,None,11.97792545,134.8183141,NA,NA,NA,NA,1,1,NA,NA,NA,NA,NA,NA,Figure 2c
Hobday 2000,10.1016/S0022-0981(00)00250-1,Macrocystis pyrifera,Southern California Bight,Summer,0,Pelagic,Sporophyte,Fresh,None,13.58570631,44.6753288,NA,NA,NA,NA,1,1,NA,NA,NA,NA,NA,NA,Figure 2c
Hobday 2000,10.1016/S0022-0981(00)00250-1,Macrocystis pyrifera,Southern California Bight,Summer,0,Pelagic,Sporophyte,Fresh,None,13.85909313,89.56284561,NA,NA,NA,NA,1,1,NA,NA,NA,NA,NA,NA,Figure 2c
Hobday 2000,10.1016/S0022-0981(00)00250-1,Macrocystis pyrifera,Southern California Bight,Summer,0,Pelagic,Sporophyte,Fresh,None,15.22130491,24.65084156,NA,NA,NA,NA,1,1,NA,NA,NA,NA,NA,NA,Figure 2c
Hobday 2000,10.1016/S0022-0981(00)00250-1,Macrocystis pyrifera,Southern California Bight,Summer,0,Pelagic,Sporophyte,Fresh,None,15.50506789,36.97671127,NA,NA,NA,NA,1,1,NA,NA,NA,NA,NA,NA,Figure 2c
Hobday 2000,10.1016/S0022-0981(00)00250-1,Macrocystis pyrifera,Southern California Bight,Summer,0,Pelagic,Sporophyte,Fresh,None,20.15124745,223.6144769,NA,NA,NA,NA,1,1,NA,NA,NA,NA,NA,NA,Figure 2c
Hobday 2000,10.1016/S0022-0981(00)00250-1,Macrocystis pyrifera,Southern California Bight,Summer,0,Pelagic,Sporophyte,Fresh,None,21.47146355,27.70087873,NA,NA,NA,NA,1,1,NA,NA,NA,NA,NA,NA,Figure 2c
Hobday 2000,10.1016/S0022-0981(00)00250-1,Macrocystis pyrifera,Southern California Bight,Summer,0,Pelagic,Sporophyte,Fresh,None,23.38209895,52.55710143,NA,NA,NA,NA,1,1,NA,NA,NA,NA,NA,NA,Figure 2c
Hobday 2000,10.1016/S0022-0981(00)00250-1,Macrocystis pyrifera,Southern California Bight,Summer,0,Pelagic,Sporophyte,Fresh,None,23.68415351,37.26295883,NA,NA,NA,NA,1,1,NA,NA,NA,NA,NA,NA,Figure 2c
Hobday 2000,10.1016/S0022-0981(00)00250-1,Macrocystis pyrifera,Southern California Bight,Summer,0,Pelagic,Sporophyte,Fresh,None,27.73108233,186.749423,NA,NA,NA,NA,1,1,NA,NA,NA,NA,NA,NA,Figure 2c
Hobday 2000,10.1016/S0022-0981(00)00250-1,Macrocystis pyrifera,Southern California Bight,Summer,0,Pelagic,Sporophyte,Fresh,None,29.70173848,73.58275282,NA,NA,NA,NA,1,1,NA,NA,NA,NA,NA,NA,Figure 2c
Hobday 2000,10.1016/S0022-0981(00)00250-1,Macrocystis pyrifera,Southern California Bight,Summer,0,Pelagic,Sporophyte,Fresh,None,31.01081284,22.11129039,NA,NA,NA,NA,1,1,NA,NA,NA,NA,NA,NA,Figure 2c
Hobday 2000,10.1016/S0022-0981(00)00250-1,Macrocystis pyrifera,Southern California Bight,Summer,0,Pelagic,Sporophyte,Fresh,None,32.09376312,107.4327275,NA,NA,NA,NA,1,1,NA,NA,NA,NA,NA,NA,Figure 2c
Hobday 2000,10.1016/S0022-0981(00)00250-1,Macrocystis pyrifera,Southern California Bight,Summer,0,Pelagic,Sporophyte,Fresh,None,34.03487196,1.858150324,NA,NA,NA,NA,1,1,NA,NA,NA,NA,NA,NA,Figure 2c
Hobday 2000,10.1016/S0022-0981(00)00250-1,Macrocystis pyrifera,Southern California Bight,Summer,0,Pelagic,Sporophyte,Fresh,None,38.63903523,116.733455,NA,NA,NA,NA,1,1,NA,NA,NA,NA,NA,NA,Figure 2c
Hobday 2000,10.1016/S0022-0981(00)00250-1,Macrocystis pyrifera,Southern California Bight,Summer,0,Pelagic,Sporophyte,Fresh,None,42.19299279,100.0072511,NA,NA,NA,NA,1,1,NA,NA,NA,NA,NA,NA,Figure 2c
Hobday 2000,10.1016/S0022-0981(00)00250-1,Macrocystis pyrifera,Southern California Bight,Summer,0,Pelagic,Sporophyte,Fresh,None,48.24086941,55.37287965,NA,NA,NA,NA,1,1,NA,NA,NA,NA,NA,NA,Figure 2c
Hobday 2000,10.1016/S0022-0981(00)00250-1,Macrocystis pyrifera,Southern California Bight,Summer,0,Pelagic,Sporophyte,Fresh,None,55.92543398,50.54168881,NA,NA,NA,NA,1,1,NA,NA,NA,NA,NA,NA,Figure 2c
Hobday 2000,10.1016/S0022-0981(00)00250-1,Macrocystis pyrifera,Southern California Bight,Summer,0,Pelagic,Sporophyte,Fresh,None,59.22937929,81.51962917,NA,NA,NA,NA,1,1,NA,NA,NA,NA,NA,NA,Figure 2c
Hobday 2000,10.1016/S0022-0981(00)00250-1,Macrocystis pyrifera,Southern California Bight,Summer,0,Pelagic,Sporophyte,Fresh,None,62.79572405,40.04281989,NA,NA,NA,NA,1,1,NA,NA,NA,NA,NA,NA,Figure 2c
Hobday 2000,10.1016/S0022-0981(00)00250-1,Macrocystis pyrifera,Southern California Bight,Summer,0,Pelagic,Sporophyte,Fresh,None,63.5958575,19.00355217,NA,NA,NA,NA,1,1,NA,NA,NA,NA,NA,NA,Figure 2c
Hobday 2000,10.1016/S0022-0981(00)00250-1,Macrocystis pyrifera,Southern California Bight,Summer,0,Pelagic,Sporophyte,Fresh,None,69.08926186,14.06209856,NA,NA,NA,NA,1,1,NA,NA,NA,NA,NA,NA,Figure 2c
Hobday 2000,10.1016/S0022-0981(00)00250-1,Macrocystis pyrifera,Southern California Bight,Summer,0,Pelagic,Sporophyte,Fresh,None,71.02817546,80.06921152,NA,NA,NA,NA,1,1,NA,NA,NA,NA,NA,NA,Figure 2c
Hobday 2000,10.1016/S0022-0981(00)00250-1,Macrocystis pyrifera,Southern California Bight,Summer,0,Pelagic,Sporophyte,Fresh,None,72.89130358,14.21814331,NA,NA,NA,NA,1,1,NA,NA,NA,NA,NA,NA,Figure 2c
Rothäusler et al. 2011,10.4319/lo.2011.56.5.1751,Macrocystis pyrifera,Coquimbo,Summer,0,Pelagic,Sporophyte,Fresh,None,5,NA,NA,NA,-0.7589679,1.1202014,3,10,NA,NA,NA,NA,NA,NA,Figure 3
Rothäusler et al. 2011,10.4319/lo.2011.56.5.1751,Macrocystis pyrifera,Coquimbo,Summer,0,Pelagic,Sporophyte,Fresh,None,5,NA,NA,NA,-1.4260541,1.9351794,3,10,NA,NA,NA,NA,NA,NA,Figure 3
Rothäusler et al. 2011,10.4319/lo.2011.56.5.1751,Macrocystis pyrifera,Coquimbo,Summer,0,Pelagic,Sporophyte,Fresh,None,10,NA,NA,NA,-0.6362492,1.6110762,3,10,NA,NA,NA,NA,NA,NA,Figure 3
Rothäusler et al. 2011,10.4319/lo.2011.56.5.1751,Macrocystis pyrifera,Coquimbo,Summer,0,Pelagic,Sporophyte,Fresh,None,10,NA,NA,NA,1.7740717,2.3064823,3,10,NA,NA,NA,NA,NA,NA,Figure 3
Rothäusler et al. 2011,10.4319/lo.2011.56.5.1751,Macrocystis pyrifera,Coquimbo,Summer,0,Pelagic,Sporophyte,Fresh,None,15,NA,NA,NA,-0.4159849,1.2555066,3,10,NA,NA,NA,NA,NA,NA,Figure 3
Rothäusler et al. 2011,10.4319/lo.2011.56.5.1751,Macrocystis pyrifera,Coquimbo,Summer,0,Pelagic,Sporophyte,Fresh,None,15,NA,NA,NA,1.0723726,1.8061674,3,10,NA,NA,NA,NA,NA,NA,Figure 3
Krumhansl and Scheibling 2012,10.3354/meps09671,Saccharina latissima,The Lodge,Autumn,19,Benthic,Sporophyte,Fresh,5,0,100,4.125734947,NA,NA,NA,1,3,102.90968,18.2685,NA,NA,Final,3,Figure 2
Krumhansl and Scheibling 2012,10.3354/meps09671,Saccharina latissima,The Lodge,Autumn,19,Benthic,Sporophyte,Fresh,5,28,83.7917448,3.536347922,NA,NA,NA,1,3,45.733116,12.947684,NA,NA,Final,3,Figure 2
Krumhansl and Scheibling 2012,10.3354/meps09671,Saccharina latissima,The Lodge,Autumn,19,Benthic,Sporophyte,Fresh,5,56,23.28094212,6.385067736,NA,NA,NA,1,3,46.377567,23.057443,NA,NA,Final,3,Figure 2
Krumhansl and Scheibling 2012,10.3354/meps09671,Saccharina latissima,The Lodge,Autumn,19,Benthic,Sporophyte,Fresh,5,84,9.430254848,11.29665998,NA,NA,NA,1,3,23.787216,4.522759,NA,NA,Final,3,Figure 2
Krumhansl and Scheibling 2012,10.3354/meps09671,Saccharina latissima,The Lodge,Autumn,19,Benthic,Sporophyte,Fresh,5,112,9.528487208,4.71512673,NA,NA,NA,1,3,26.737415,10.464531,NA,NA,Final,3,Figure 2
Graiff et al. 2013,10.1515/bot-2012-0193,Durvillaea antarctica,Coquimbo,Winter,0,Pelagic,Sporophyte,Fresh,None,NA,NA,NA,NA,2.297895716,0.330777251,1,19,NA,NA,NA,NA,NA,NA,Figure 5a
Graiff et al. 2013,10.1515/bot-2012-0193,Durvillaea antarctica,Coquimbo,Spring,0,Pelagic,Sporophyte,Fresh,None,NA,NA,NA,NA,2.100135652,0.628594491,1,20,NA,NA,NA,NA,NA,NA,Figure 5a
Graiff et al. 2013,10.1515/bot-2012-0193,Durvillaea antarctica,Coquimbo,Summer,0,Pelagic,Sporophyte,Fresh,None,NA,NA,NA,NA,3.548021839,0.995863182,1,24,NA,NA,NA,NA,NA,NA,Figure 5a
Graiff et al. 2013,10.1515/bot-2012-0193,Durvillaea antarctica,Coquimbo,Autumn,0,Pelagic,Sporophyte,Fresh,None,NA,NA,NA,NA,1.99419276,0.429825446,1,28,NA,NA,NA,NA,NA,NA,Figure 5a
Hamersley et al. 2015,10.1016/j.aquabot.2015.05.003,Macrocystis pyrifera,Catalina Island,Summer,0,Pelagic,Lamina,Fresh,1,3.387884008,96.60593069,NA,1.339764202,NA,NA,4,5,44.2,NA,NA,NA,Initial,NA,"Figure 1a, Table S1, Text"
Hamersley et al. 2015,10.1016/j.aquabot.2015.05.003,Macrocystis pyrifera,Catalina Island,Summer,0,Pelagic,Lamina,Fresh,1,9.399224806,74.7231154,NA,5.359056806,NA,NA,4,5,44.2,NA,NA,NA,Initial,NA,"Figure 1a, Table S1, Text"
Hamersley et al. 2015,10.1016/j.aquabot.2015.05.003,Macrocystis pyrifera,Catalina Island,Summer,0,Pelagic,Lamina,Fresh,1,17.3844387,24.25866381,NA,4.019292605,NA,NA,4,5,44.2,NA,NA,NA,Initial,NA,"Figure 1a, Table S1, Text"
Hamersley et al. 2015,10.1016/j.aquabot.2015.05.003,Macrocystis pyrifera,Catalina Island,Summer,0,Pelagic,Lamina,Fresh,1,24.38271605,14.43372633,NA,1.786352269,NA,NA,4,5,44.2,NA,NA,NA,Initial,NA,"Figure 1a, Table S1, Text"
Hamersley et al. 2015,10.1016/j.aquabot.2015.05.003,Macrocystis pyrifera,Catalina Island,Summer,0,Pelagic,Lamina,Senescent,1,3.387884008,83.20828867,NA,3.12611647,NA,NA,4,5,44.2,NA,NA,NA,Initial,NA,"Figure 1a, Table S1, Text"
Hamersley et al. 2015,10.1016/j.aquabot.2015.05.003,Macrocystis pyrifera,Catalina Island,Summer,0,Pelagic,Lamina,Senescent,1,9.399224806,53.28688817,NA,2.232940336,NA,NA,4,5,44.2,NA,NA,NA,Initial,NA,"Figure 1a, Table S1, Text"
Hamersley et al. 2015,10.1016/j.aquabot.2015.05.003,Macrocystis pyrifera,Catalina Island,Summer,0,Pelagic,Lamina,Senescent,1,17.3844387,22.91889961,NA,2.679528403,NA,NA,4,5,44.2,NA,NA,NA,Initial,NA,"Figure 1a, Table S1, Text"
Hamersley et al. 2015,10.1016/j.aquabot.2015.05.003,Macrocystis pyrifera,Catalina Island,Summer,0,Pelagic,Lamina,Senescent,1,24.38271605,10.63772776,NA,3.349410504,NA,NA,4,5,44.2,NA,NA,NA,Initial,NA,"Figure 1a, Table S1, Text"
Hamersley et al. 2015,10.1016/j.aquabot.2015.05.003,Macrocystis pyrifera,Catalina Island,Summer,0,Pelagic,Lamina,Detached,1,3.387884008,73.82993926,NA,1.786352269,NA,NA,4,5,44.2,NA,NA,NA,Initial,NA,"Figure 1a, Table S1, Text"
Hamersley et al. 2015,10.1016/j.aquabot.2015.05.003,Macrocystis pyrifera,Catalina Island,Summer,0,Pelagic,Lamina,Detached,1,9.399224806,32.29724902,NA,3.12611647,NA,NA,4,5,44.2,NA,NA,NA,Initial,NA,"Figure 1a, Table S1, Text"
Hamersley et al. 2015,10.1016/j.aquabot.2015.05.003,Macrocystis pyrifera,Catalina Island,Summer,0,Pelagic,Lamina,Detached,1,17.3844387,9.967845659,NA,3.12611647,NA,NA,4,5,44.2,NA,NA,NA,Initial,NA,"Figure 1a, Table S1, Text"
Hamersley et al. 2015,10.1016/j.aquabot.2015.05.003,Macrocystis pyrifera,Catalina Island,Summer,0,Pelagic,Lamina,Detached,1,24.38271605,7.734905323,NA,1.786352269,NA,NA,4,5,44.2,NA,NA,NA,Initial,NA,"Figure 1a, Table S1, Text"
Duggins et al. 2016,10.1007/s00227-015-2781-y,Nereocystis lutkeana,Point Caution,Summer,30,Benthic,Lamina,Fresh,20,7,98.69323121,1.30676879,NA,NA,NA,1,3,NA,NA,NA,NA,NA,NA,Figure 1
Duggins et al. 2016,10.1007/s00227-015-2781-y,Nereocystis lutkeana,Point Caution,Summer,30,Benthic,Lamina,Fresh,20,14,90.23583141,4.759279909,NA,NA,NA,1,3,NA,NA,NA,NA,NA,NA,Figure 1
Duggins et al. 2016,10.1007/s00227-015-2781-y,Nereocystis lutkeana,Point Caution,Summer,30,Benthic,Lamina,Fresh,20,21,14.95267648,12.70659421,NA,NA,NA,1,3,NA,NA,NA,NA,NA,NA,Figure 1
Duggins et al. 2016,10.1007/s00227-015-2781-y,Nereocystis lutkeana,Point Caution,Summer,30,Benthic,Lamina,Fresh,20,28,5.935093499,6.284982081,NA,NA,NA,1,3,NA,NA,NA,NA,NA,NA,Figure 1
Duggins et al. 2016,10.1007/s00227-015-2781-y,Nereocystis lutkeana,Point Caution,Summer,11,Benthic,Lamina,Fresh,20,28,32.71458237,32.10806063,NA,NA,NA,1,3,NA,NA,NA,NA,NA,NA,Figure 1
Gladstone-Gallagher et al. 2016,10.1371/journal.pone.0154790,Ecklonia radiata,Whangapoua Estuary,Autumn,0,Benthic,Lamina,Dead,2,4,42.7,NA,NA,NA,NA,1,1,18.40778438,0.058662164,NA,NA,Initial,3,Table S3
Gladstone-Gallagher et al. 2016,10.1371/journal.pone.0154790,Ecklonia radiata,Whangapoua Estuary,Autumn,0,Benthic,Lamina,Dead,2,4,33.2,NA,NA,NA,NA,1,1,18.40778438,0.058662164,NA,NA,Initial,3,Table S3
Gladstone-Gallagher et al. 2016,10.1371/journal.pone.0154790,Ecklonia radiata,Whangapoua Estuary,Autumn,0,Benthic,Lamina,Dead,2,4,28,NA,NA,NA,NA,1,1,18.40778438,0.058662164,NA,NA,Initial,3,Table S3
Gladstone-Gallagher et al. 2016,10.1371/journal.pone.0154790,Ecklonia radiata,Whangapoua Estuary,Autumn,0,Benthic,Lamina,Dead,2,4,33.9,NA,NA,NA,NA,1,1,18.40778438,0.058662164,NA,NA,Initial,3,Table S3
Gladstone-Gallagher et al. 2016,10.1371/journal.pone.0154790,Ecklonia radiata,Whangapoua Estuary,Autumn,0,Benthic,Lamina,Dead,2,17,3.2,NA,NA,NA,NA,1,1,18.40778438,0.058662164,NA,NA,Initial,3,Table S3
Gladstone-Gallagher et al. 2016,10.1371/journal.pone.0154790,Ecklonia radiata,Whangapoua Estuary,Autumn,0,Benthic,Lamina,Dead,2,17,6.6,NA,NA,NA,NA,1,1,18.40778438,0.058662164,NA,NA,Initial,3,Table S3
Gladstone-Gallagher et al. 2016,10.1371/journal.pone.0154790,Ecklonia radiata,Whangapoua Estuary,Autumn,0,Benthic,Lamina,Dead,2,17,0,NA,NA,NA,NA,1,1,18.40778438,0.058662164,NA,NA,Initial,3,Table S3
Gladstone-Gallagher et al. 2016,10.1371/journal.pone.0154790,Ecklonia radiata,Whangapoua Estuary,Autumn,0,Benthic,Lamina,Dead,2,17,0,NA,NA,NA,NA,1,1,18.40778438,0.058662164,NA,NA,Initial,3,Table S3
Gladstone-Gallagher et al. 2016,10.1371/journal.pone.0154790,Ecklonia radiata,Whangapoua Estuary,Autumn,0,Benthic,Lamina,Dead,2,46,0,NA,NA,NA,NA,1,1,18.40778438,0.058662164,NA,NA,Initial,3,Table S3
Gladstone-Gallagher et al. 2016,10.1371/journal.pone.0154790,Ecklonia radiata,Whangapoua Estuary,Autumn,0,Benthic,Lamina,Dead,2,46,0,NA,NA,NA,NA,1,1,18.40778438,0.058662164,NA,NA,Initial,3,Table S3
Gladstone-Gallagher et al. 2016,10.1371/journal.pone.0154790,Ecklonia radiata,Whangapoua Estuary,Autumn,0,Benthic,Lamina,Dead,2,46,0,NA,NA,NA,NA,1,1,18.40778438,0.058662164,NA,NA,Initial,3,Table S3
Gladstone-Gallagher et al. 2016,10.1371/journal.pone.0154790,Ecklonia radiata,Whangapoua Estuary,Autumn,0,Benthic,Lamina,Dead,2,46,0,NA,NA,NA,NA,1,1,18.40778438,0.058662164,NA,NA,Initial,3,Table S3
Gladstone-Gallagher et al. 2016,10.1371/journal.pone.0154790,Ecklonia radiata,Whangapoua Estuary,Autumn,0,Benthic,Lamina,Dead,2,46,0,NA,NA,NA,NA,1,1,18.40778438,0.058662164,NA,NA,Initial,3,Table S3
Gladstone-Gallagher et al. 2016,10.1371/journal.pone.0154790,Ecklonia radiata,Whangapoua Estuary,Autumn,0,Benthic,Lamina,Dead,2,46,0,NA,NA,NA,NA,1,1,18.40778438,0.058662164,NA,NA,Initial,3,Table S3
Gladstone-Gallagher et al. 2016,10.1371/journal.pone.0154790,Ecklonia radiata,Whangapoua Estuary,Autumn,0,Benthic,Lamina,Dead,2,46,0,NA,NA,NA,NA,1,1,18.40778438,0.058662164,NA,NA,Initial,3,Table S3
Gladstone-Gallagher et al. 2016,10.1371/journal.pone.0154790,Ecklonia radiata,Whangapoua Estuary,Autumn,0,Benthic,Lamina,Dead,2,46,0,NA,NA,NA,NA,1,1,18.40778438,0.058662164,NA,NA,Initial,3,Table S3
Gladstone-Gallagher et al. 2016,10.1371/journal.pone.0154790,Ecklonia radiata,Whangapoua Estuary,Autumn,0,Benthic,Lamina,Dead,2,46,0,NA,NA,NA,NA,1,1,18.40778438,0.058662164,NA,NA,Initial,3,Table S3
Gladstone-Gallagher et al. 2016,10.1371/journal.pone.0154790,Ecklonia radiata,Whangapoua Estuary,Autumn,0,Benthic,Lamina,Dead,2,46,0,NA,NA,NA,NA,1,1,18.40778438,0.058662164,NA,NA,Initial,3,Table S3
Gladstone-Gallagher et al. 2016,10.1371/journal.pone.0154790,Ecklonia radiata,Whangapoua Estuary,Autumn,0,Benthic,Lamina,Dead,2,46,0,NA,NA,NA,NA,1,1,18.40778438,0.058662164,NA,NA,Initial,3,Table S3
Gladstone-Gallagher et al. 2016,10.1371/journal.pone.0154790,Ecklonia radiata,Whangapoua Estuary,Autumn,0,Benthic,Lamina,Dead,2,46,0,NA,NA,NA,NA,1,1,18.40778438,0.058662164,NA,NA,Initial,3,Table S3
Gladstone-Gallagher et al. 2016,10.1371/journal.pone.0154790,Ecklonia radiata,Whangapoua Estuary,Autumn,0,Benthic,Lamina,Dead,2,46,0,NA,NA,NA,NA,1,1,18.40778438,0.058662164,NA,NA,Initial,3,Table S3
Gladstone-Gallagher et al. 2016,10.1371/journal.pone.0154790,Ecklonia radiata,Whangapoua Estuary,Autumn,0,Benthic,Lamina,Dead,2,46,0,NA,NA,NA,NA,1,1,18.40778438,0.058662164,NA,NA,Initial,3,Table S3
Gladstone-Gallagher et al. 2016,10.1371/journal.pone.0154790,Ecklonia radiata,Whangapoua Estuary,Autumn,0,Benthic,Lamina,Dead,2,46,0,NA,NA,NA,NA,1,1,18.40778438,0.058662164,NA,NA,Initial,3,Table S3
Gladstone-Gallagher et al. 2016,10.1371/journal.pone.0154790,Ecklonia radiata,Whangapoua Estuary,Autumn,0,Benthic,Lamina,Dead,2,46,0,NA,NA,NA,NA,1,1,18.40778438,0.058662164,NA,NA,Initial,3,Table S3
Tala et al. 2016,10.1016/j.jembe.2016.06.003,Macrocystis pyrifera,Coquimbo,Winter,0,Pelagic,Sporophyte,Fresh,None,7,NA,NA,NA,1.4377224,0.8612099,1,8,NA,NA,1.854545455,0.436363636,Final,8,"Figure 2, 6"
Tala et al. 2016,10.1016/j.jembe.2016.06.003,Macrocystis pyrifera,Coquimbo,Winter,0,Pelagic,Sporophyte,Fresh,None,14,NA,NA,NA,1.519573,1.4946618,1,8,NA,NA,2.509090909,0.509090909,Final,8,"Figure 2, 6"
Tala et al. 2016,10.1016/j.jembe.2016.06.003,Macrocystis pyrifera,Concepción,Winter,0,Pelagic,Sporophyte,Fresh,None,7,NA,NA,NA,1.0071174,3.2989326,1,8,NA,NA,1.345454545,0.545454545,Final,8,"Figure 2, 6"
Tala et al. 2016,10.1016/j.jembe.2016.06.003,Macrocystis pyrifera,Concepción,Winter,0,Pelagic,Sporophyte,Fresh,None,14,NA,NA,NA,-0.14590748,0.42704628,1,8,NA,NA,1.236363636,0.363636364,Final,8,"Figure 2, 6"
Tala et al. 2016,10.1016/j.jembe.2016.06.003,Macrocystis pyrifera,Punta Arenas,Winter,0,Pelagic,Sporophyte,Fresh,None,7,NA,NA,NA,1.935943,1.1209966,1,8,NA,NA,1.309090909,0.472727273,Final,8,"Figure 2, 6"
Tala et al. 2016,10.1016/j.jembe.2016.06.003,Macrocystis pyrifera,Punta Arenas,Winter,0,Pelagic,Sporophyte,Fresh,None,14,NA,NA,NA,0.3985765,1.088968,1,8,NA,NA,1.527272727,0.581818182,Final,8,"Figure 2, 6"
Tala et al. 2016,10.1016/j.jembe.2016.06.003,Macrocystis pyrifera,Coquimbo,Summer,0,Pelagic,Sporophyte,Fresh,None,7,NA,NA,NA,4.316726,2.2419927,1,8,NA,NA,2.145454545,0.4,Final,8,"Figure 2, 6"
Tala et al. 2016,10.1016/j.jembe.2016.06.003,Macrocystis pyrifera,Coquimbo,Summer,0,Pelagic,Sporophyte,Fresh,None,14,NA,NA,NA,2.6512456,1.2491102,1,8,NA,NA,2.181818182,0.690909091,Final,8,"Figure 2, 6"
Tala et al. 2016,10.1016/j.jembe.2016.06.003,Macrocystis pyrifera,Concepción,Summer,0,Pelagic,Sporophyte,Fresh,None,7,NA,NA,NA,1.1245551,1.3451959,1,8,NA,NA,0.654545455,0.145454545,Final,8,"Figure 2, 6"
Tala et al. 2016,10.1016/j.jembe.2016.06.003,Macrocystis pyrifera,Concepción,Summer,0,Pelagic,Sporophyte,Fresh,None,14,NA,NA,NA,-2.772242,2.7864767,1,8,NA,NA,0.945454545,0.254545455,Final,8,"Figure 2, 6"
Tala et al. 2016,10.1016/j.jembe.2016.06.003,Macrocystis pyrifera,Punta Arenas,Summer,0,Pelagic,Sporophyte,Fresh,None,7,NA,NA,NA,-3.049822,3.6192172,1,8,NA,NA,1.563636364,0.290909091,Final,8,"Figure 2, 6"
Tala et al. 2016,10.1016/j.jembe.2016.06.003,Macrocystis pyrifera,Punta Arenas,Summer,0,Pelagic,Sporophyte,Fresh,None,14,NA,NA,NA,-4.5017796,1.7508894,1,8,NA,NA,1.490909091,0.327272727,Final,8,"Figure 2, 6"
Tala et al. 2016,10.1016/j.jembe.2016.06.003,Durvillaea antarctica,Coquimbo,Winter,0,Pelagic,Sporophyte,Fresh,None,7,NA,NA,NA,1.7685727,1.7577668,1,8,NA,NA,1.773755656,0.50678733,Final,8,"Figure 2, 6"
Tala et al. 2016,10.1016/j.jembe.2016.06.003,Durvillaea antarctica,Coquimbo,Winter,0,Pelagic,Sporophyte,Fresh,None,14,NA,NA,NA,1.2859073,0.6699685,1,8,NA,NA,2.208144796,0.380090498,Final,8,"Figure 2, 6"
Tala et al. 2016,10.1016/j.jembe.2016.06.003,Durvillaea antarctica,Concepción,Winter,0,Pelagic,Sporophyte,Fresh,None,7,NA,NA,NA,0.8392616,0.6051329,1,8,NA,NA,1.375565611,0.180995475,Final,8,"Figure 2, 6"
Tala et al. 2016,10.1016/j.jembe.2016.06.003,Durvillaea antarctica,Concepción,Winter,0,Pelagic,Sporophyte,Fresh,None,14,NA,NA,NA,0.6591625,0.3313823,1,8,NA,NA,1.665158371,0.50678733,Final,8,"Figure 2, 6"
Tala et al. 2016,10.1016/j.jembe.2016.06.003,Durvillaea antarctica,Punta Arenas,Winter,0,Pelagic,Sporophyte,Fresh,None,7,NA,NA,NA,-0.70959026,0.81404774,1,8,NA,NA,6.298642534,0.904977376,Final,8,"Figure 2, 6"
Tala et al. 2016,10.1016/j.jembe.2016.06.003,Durvillaea antarctica,Punta Arenas,Winter,0,Pelagic,Sporophyte,Fresh,None,14,NA,NA,NA,-0.8032418,1.685727,1,8,NA,NA,1.773755656,0.50678733,Final,8,"Figure 2, 6"
Tala et al. 2016,10.1016/j.jembe.2016.06.003,Durvillaea antarctica,Coquimbo,Summer,0,Pelagic,Sporophyte,Fresh,None,7,NA,NA,NA,3.425484,1.0445744,1,8,NA,NA,1.357466063,0.615384615,Final,8,"Figure 2, 6"
Tala et al. 2016,10.1016/j.jembe.2016.06.003,Durvillaea antarctica,Coquimbo,Summer,0,Pelagic,Sporophyte,Fresh,None,14,NA,NA,NA,2.65466,1.2390816,1,8,NA,NA,1.773755656,0.36199095,Final,8,"Figure 2, 6"
Tala et al. 2016,10.1016/j.jembe.2016.06.003,Durvillaea antarctica,Concepción,Summer,0,Pelagic,Sporophyte,Fresh,None,7,NA,NA,NA,-1.2138677,0.367402,1,8,NA,NA,2.117647059,0.65158371,Final,8,"Figure 2, 6"
Tala et al. 2016,10.1016/j.jembe.2016.06.003,Durvillaea antarctica,Concepción,Summer,0,Pelagic,Sporophyte,Fresh,None,14,NA,NA,NA,-0.78883386,0.68437634,1,8,NA,NA,2.208144796,0.43438914,Final,8,"Figure 2, 6"
Tala et al. 2016,10.1016/j.jembe.2016.06.003,Durvillaea antarctica,Punta Arenas,Summer,0,Pelagic,Sporophyte,Fresh,None,7,NA,NA,NA,0.5438991,0.45384963,1,8,NA,NA,4.597285068,0.850678733,Final,8,"Figure 2, 6"
Tala et al. 2016,10.1016/j.jembe.2016.06.003,Durvillaea antarctica,Punta Arenas,Summer,0,Pelagic,Sporophyte,Fresh,None,14,NA,NA,NA,0.24853669,0.58352096,1,8,NA,NA,6.298642534,1.918552036,Final,8,"Figure 2, 6"
Graiff et al. 2016,10.1007/s00227-016-2962-3,Macrocystis pyrifera,Coquimbo,Spring,0,Pelagic,Sporophyte,Fresh,None,NA,NA,NA,NA,-0.501027014,1.834482962,1,21,NA,NA,NA,NA,NA,NA,Figure S4b
Graiff et al. 2016,10.1007/s00227-016-2962-3,Macrocystis pyrifera,Coquimbo,Summer,0,Pelagic,Sporophyte,Fresh,None,NA,NA,NA,NA,0.732325937,1.80339003,1,27,NA,NA,NA,NA,NA,NA,Figure S4b
Graiff et al. 2016,10.1007/s00227-016-2962-3,Macrocystis pyrifera,Coquimbo,Autumn,0,Pelagic,Sporophyte,Fresh,None,NA,NA,NA,NA,0.037917133,0.961808016,1,32,NA,NA,NA,NA,NA,NA,Figure S4b
Graiff et al. 2016,10.1007/s00227-016-2962-3,Macrocystis pyrifera,Coquimbo,Winter,0,Pelagic,Sporophyte,Fresh,None,NA,NA,NA,NA,1.095076805,1.502825025,1,22,NA,NA,NA,NA,NA,NA,Figure S4b
Rothäusler et al. 2018,10.1111/jpy.12643,Macrocystis pyrifera,Iquique,Winter,0,Pelagic,Sporophyte,Fresh,None,14,NA,NA,NA,-3.076823595,1.193352578,1,8,NA,NA,NA,NA,NA,NA,Figure 2
Rothäusler et al. 2018,10.1111/jpy.12643,Macrocystis pyrifera,Iquique,Winter,0,Pelagic,Sporophyte,Fresh,1,14,NA,NA,NA,-2.789749625,1.27373329,1,8,NA,NA,NA,NA,NA,NA,Figure 2
Rothäusler et al. 2018,10.1111/jpy.12643,Macrocystis pyrifera,Iquique,Winter,0,Pelagic,Sporophyte,Fresh,1,14,NA,NA,NA,0.74700168,1.389004693,1,8,NA,NA,NA,NA,NA,NA,Figure 2
Rothäusler et al. 2018,10.1111/jpy.12643,Macrocystis pyrifera,Iquique,Winter,0,Pelagic,Sporophyte,Fresh,None,14,NA,NA,NA,-4.727959415,1.574493381,1,8,NA,NA,NA,NA,NA,NA,Figure 2
Rothäusler et al. 2018,10.1111/jpy.12643,Macrocystis pyrifera,Iquique,Winter,0,Pelagic,Sporophyte,Fresh,1,14,NA,NA,NA,-5.188157687,1.56296887,1,8,NA,NA,NA,NA,NA,NA,Figure 2
Rothäusler et al. 2018,10.1111/jpy.12643,Macrocystis pyrifera,Iquique,Winter,0,Pelagic,Sporophyte,Fresh,1,14,NA,NA,NA,-1.932232918,1.599210991,1,8,NA,NA,NA,NA,NA,NA,Figure 2
Rothäusler et al. 2018,10.1111/jpy.12643,Macrocystis pyrifera,Coquimbo,Winter,0,Pelagic,Sporophyte,Fresh,None,14,NA,NA,NA,-2.502509691,1.554219199,1,8,NA,NA,NA,NA,NA,NA,Figure 2
Rothäusler et al. 2018,10.1111/jpy.12643,Macrocystis pyrifera,Coquimbo,Winter,0,Pelagic,Sporophyte,Fresh,1,14,NA,NA,NA,-1.884787635,1.212565518,1,8,NA,NA,NA,NA,NA,NA,Figure 2
Rothäusler et al. 2018,10.1111/jpy.12643,Macrocystis pyrifera,Coquimbo,Winter,0,Pelagic,Sporophyte,Fresh,1,14,NA,NA,NA,0.975036701,0.844428131,1,8,NA,NA,NA,NA,NA,NA,Figure 2
Rothäusler et al. 2018,10.1111/jpy.12643,Macrocystis pyrifera,Coquimbo,Winter,0,Pelagic,Sporophyte,Fresh,None,14,NA,NA,NA,0.243783699,1.606083168,1,8,NA,NA,NA,NA,NA,NA,Figure 2
Rothäusler et al. 2018,10.1111/jpy.12643,Macrocystis pyrifera,Coquimbo,Winter,0,Pelagic,Sporophyte,Fresh,1,14,NA,NA,NA,-0.674853004,0.617528006,1,8,NA,NA,NA,NA,NA,NA,Figure 2
Rothäusler et al. 2018,10.1111/jpy.12643,Macrocystis pyrifera,Coquimbo,Winter,0,Pelagic,Sporophyte,Fresh,1,14,NA,NA,NA,2.264784444,0.666011609,1,8,NA,NA,NA,NA,NA,NA,Figure 2
Rothäusler et al. 2018,10.1111/jpy.12643,Macrocystis pyrifera,Calfuco,Winter,0,Pelagic,Sporophyte,Fresh,None,14,NA,NA,NA,-5.716320836,1.745409735,1,8,NA,NA,NA,NA,NA,NA,Figure 2
Rothäusler et al. 2018,10.1111/jpy.12643,Macrocystis pyrifera,Calfuco,Winter,0,Pelagic,Sporophyte,Fresh,1,14,NA,NA,NA,-1.819552976,0.314084721,1,8,NA,NA,NA,NA,NA,NA,Figure 2
Rothäusler et al. 2018,10.1111/jpy.12643,Macrocystis pyrifera,Calfuco,Winter,0,Pelagic,Sporophyte,Fresh,1,14,NA,NA,NA,-1.32213184,0.681409093,1,8,NA,NA,NA,NA,NA,NA,Figure 2
Rothäusler et al. 2018,10.1111/jpy.12643,Macrocystis pyrifera,Calfuco,Winter,0,Pelagic,Sporophyte,Fresh,None,14,NA,NA,NA,-4.3415308,0.638000481,1,8,NA,NA,NA,NA,NA,NA,Figure 2
Rothäusler et al. 2018,10.1111/jpy.12643,Macrocystis pyrifera,Calfuco,Winter,0,Pelagic,Sporophyte,Fresh,1,14,NA,NA,NA,-2.118080023,0.913267628,1,8,NA,NA,NA,NA,NA,NA,Figure 2
Rothäusler et al. 2018,10.1111/jpy.12643,Macrocystis pyrifera,Calfuco,Winter,0,Pelagic,Sporophyte,Fresh,1,14,NA,NA,NA,-0.169695322,0.985653437,1,8,NA,NA,NA,NA,NA,NA,Figure 2
Tala et al. 2019,10.1016/j.marenvres.2019.05.013,Durvillaea antarctica,Coquimbo,Winter,0,Pelagic,Sporophyte,Fresh,None,NA,NA,NA,NA,1.05352179,0.697896972,1,14,NA,NA,NA,NA,NA,NA,Figure S1
Tala et al. 2019,10.1016/j.marenvres.2019.05.013,Durvillaea antarctica,Coquimbo,Summer,0,Pelagic,Sporophyte,Fresh,None,NA,NA,NA,NA,1.751418762,1.003226898,1,11,NA,NA,NA,NA,NA,NA,Figure S1
Tala et al. 2019,10.1016/j.marenvres.2019.05.013,Durvillaea antarctica,Concepción,Winter,0,Pelagic,Sporophyte,Fresh,None,NA,NA,NA,NA,3.156282678,0.697896972,2,16,NA,NA,NA,NA,NA,NA,Figure S1
Tala et al. 2019,10.1016/j.marenvres.2019.05.013,Durvillaea antarctica,Concepción,Winter,0,Pelagic,Sporophyte,Fresh,None,NA,NA,NA,NA,1.539082504,0.42455386,2,5,NA,NA,NA,NA,NA,NA,Figure S1
Tala et al. 2019,10.1016/j.marenvres.2019.05.013,Durvillaea antarctica,Concepción,Summer,0,Pelagic,Sporophyte,Fresh,None,NA,NA,NA,NA,0.277457667,0.959608337,2,29,NA,NA,NA,NA,NA,NA,Figure S1
Tala et al. 2019,10.1016/j.marenvres.2019.05.013,Durvillaea antarctica,Concepción,Summer,0,Pelagic,Sporophyte,Fresh,None,NA,NA,NA,NA,0.888117518,0.610659851,2,24,NA,NA,NA,NA,NA,NA,Figure S1
Tala et al. 2019,10.1016/j.marenvres.2019.05.013,Durvillaea antarctica,Punta Arenas,Winter,0,Pelagic,Sporophyte,Fresh,None,NA,NA,NA,NA,0.211812627,0.521384929,6,14,NA,NA,NA,NA,NA,NA,Figure S1
Tala et al. 2019,10.1016/j.marenvres.2019.05.013,Durvillaea antarctica,Punta Arenas,Winter,0,Pelagic,Sporophyte,Fresh,None,NA,NA,NA,NA,0.130346232,0.276985743,6,13,NA,NA,NA,NA,NA,NA,Figure S1
Tala et al. 2019,10.1016/j.marenvres.2019.05.013,Durvillaea antarctica,Punta Arenas,Winter,0,Pelagic,Sporophyte,Fresh,None,NA,NA,NA,NA,0.081466395,0.228105906,6,13,NA,NA,NA,NA,NA,NA,Figure S1
Tala et al. 2019,10.1016/j.marenvres.2019.05.013,Durvillaea antarctica,Punta Arenas,Winter,0,Pelagic,Sporophyte,Fresh,None,NA,NA,NA,NA,0.179226069,0.260692464,6,13,NA,NA,NA,NA,NA,NA,Figure S1
Tala et al. 2019,10.1016/j.marenvres.2019.05.013,Durvillaea antarctica,Punta Arenas,Winter,0,Pelagic,Sporophyte,Fresh,None,NA,NA,NA,NA,0.228105906,0.179226069,6,13,NA,NA,NA,NA,NA,NA,Figure S1
Tala et al. 2019,10.1016/j.marenvres.2019.05.013,Durvillaea antarctica,Punta Arenas,Winter,0,Pelagic,Sporophyte,Fresh,None,NA,NA,NA,NA,0.293279022,0.048879837,6,10,NA,NA,NA,NA,NA,NA,Figure S1
Tala et al. 2019,10.1016/j.marenvres.2019.05.013,Durvillaea antarctica,Punta Arenas,Summer,0,Pelagic,Sporophyte,Fresh,None,NA,NA,NA,NA,1.270875764,0.276985743,2,18,NA,NA,NA,NA,NA,NA,Figure S1
Tala et al. 2019,10.1016/j.marenvres.2019.05.013,Durvillaea antarctica,Punta Arenas,Summer,0,Pelagic,Sporophyte,Fresh,None,NA,NA,NA,NA,1.059063136,0.16293279,2,18,NA,NA,NA,NA,NA,NA,Figure S1
Tala et al. 2019,10.1016/j.marenvres.2019.05.013,Durvillaea antarctica,Coquimbo,Winter,0,Pelagic,Sporophyte,Fresh,None,NA,NA,NA,NA,1.914870025,0.706236485,1,22,NA,NA,NA,NA,NA,NA,"Figure 3, Table S1b"
Tala et al. 2019,10.1016/j.marenvres.2019.05.013,Durvillaea antarctica,Coquimbo,Summer,0,Pelagic,Sporophyte,Fresh,None,NA,NA,NA,NA,2.411801242,0.977242661,1,23,NA,NA,NA,NA,NA,NA,"Figure 3, Table S1b"
Tala et al. 2019,10.1016/j.marenvres.2019.05.013,Durvillaea antarctica,Concepción,Winter,0,Pelagic,Sporophyte,Fresh,None,NA,NA,NA,NA,0.710351967,1.122776474,1,14,NA,NA,NA,NA,NA,NA,"Figure 3, Table S1b"
Tala et al. 2019,10.1016/j.marenvres.2019.05.013,Durvillaea antarctica,Concepción,Summer,0,Pelagic,Sporophyte,Fresh,None,NA,NA,NA,NA,1.812242926,1.457844951,1,21,NA,NA,NA,NA,NA,NA,"Figure 3, Table S1b"
Tala et al. 2019,10.1016/j.marenvres.2019.05.013,Durvillaea antarctica,Punta Arenas,Winter,0,Pelagic,Sporophyte,Fresh,None,NA,NA,NA,NA,0.710351967,1.279502564,1,13,NA,NA,NA,NA,NA,NA,"Figure 3, Table S1b"
Tala et al. 2019,10.1016/j.marenvres.2019.05.013,Durvillaea antarctica,Punta Arenas,Summer,0,Pelagic,Sporophyte,Fresh,None,NA,NA,NA,NA,0.910204739,0.329487003,1,18,NA,NA,NA,NA,NA,NA,"Figure 3, Table S1b"
Tala et al. 2019,10.1016/j.marenvres.2019.05.013,Durvillaea antarctica,Coquimbo,Winter,0,Pelagic,Lamina,Fresh,None,NA,NA,NA,NA,2.96151749,0.654875217,1,22,NA,NA,NA,NA,NA,NA,"Figure 4a, Table S1b"
Tala et al. 2019,10.1016/j.marenvres.2019.05.013,Durvillaea antarctica,Coquimbo,Summer,0,Pelagic,Lamina,Fresh,None,NA,NA,NA,NA,1.229736362,1.706313759,1,23,NA,NA,NA,NA,NA,NA,"Figure 4a, Table S1b"
Tala et al. 2019,10.1016/j.marenvres.2019.05.013,Durvillaea antarctica,Concepción,Winter,0,Pelagic,Lamina,Fresh,None,NA,NA,NA,NA,1.942822709,1.018694782,1,14,NA,NA,NA,NA,NA,NA,"Figure 4a, Table S1b"
Tala et al. 2019,10.1016/j.marenvres.2019.05.013,Durvillaea antarctica,Concepción,Summer,0,Pelagic,Lamina,Fresh,None,NA,NA,NA,NA,2.604974317,0.814955825,1,21,NA,NA,NA,NA,NA,NA,"Figure 4a, Table S1b"
Tala et al. 2019,10.1016/j.marenvres.2019.05.013,Durvillaea antarctica,Punta Arenas,Winter,0,Pelagic,Lamina,Fresh,None,NA,NA,NA,NA,0.109172102,4.125713865,1,13,NA,NA,NA,NA,NA,NA,"Figure 4a, Table S1b"
Tala et al. 2019,10.1016/j.marenvres.2019.05.013,Durvillaea antarctica,Punta Arenas,Summer,0,Pelagic,Lamina,Fresh,None,NA,NA,NA,NA,0.773200109,0.486987979,1,18,NA,NA,NA,NA,NA,NA,"Figure 4a, Table S1b"
Tala et al. 2019,10.1016/j.marenvres.2019.05.013,Durvillaea antarctica,Coquimbo,Winter,0,Pelagic,Stipe,Fresh,None,NA,NA,NA,NA,0.321923005,1.078646419,1,22,NA,NA,NA,NA,NA,NA,"Figure 4b, Table S1b"
Tala et al. 2019,10.1016/j.marenvres.2019.05.013,Durvillaea antarctica,Coquimbo,Summer,0,Pelagic,Stipe,Fresh,None,NA,NA,NA,NA,1.041020618,2.054564607,1,23,NA,NA,NA,NA,NA,NA,"Figure 4b, Table S1b"
Tala et al. 2019,10.1016/j.marenvres.2019.05.013,Durvillaea antarctica,Concepción,Winter,0,Pelagic,Stipe,Fresh,None,NA,NA,NA,NA,1.143748848,1.27126185,1,14,NA,NA,NA,NA,NA,NA,"Figure 4b, Table S1b"
Tala et al. 2019,10.1016/j.marenvres.2019.05.013,Durvillaea antarctica,Concepción,Summer,0,Pelagic,Stipe,Fresh,None,NA,NA,NA,NA,-0.140354031,2.311385183,1,21,NA,NA,NA,NA,NA,NA,"Figure 4b, Table S1b"
Tala et al. 2019,10.1016/j.marenvres.2019.05.013,Durvillaea antarctica,Punta Arenas,Winter,0,Pelagic,Stipe,Fresh,None,NA,NA,NA,NA,-0.088989916,4.057765099,1,13,NA,NA,NA,NA,NA,NA,"Figure 4b, Table S1b"
Tala et al. 2019,10.1016/j.marenvres.2019.05.013,Durvillaea antarctica,Punta Arenas,Summer,0,Pelagic,Stipe,Fresh,None,NA,NA,NA,NA,0.327968603,0.348532978,1,18,NA,NA,NA,NA,NA,NA,"Figure 4b, Table S1b"
Tala et al. 2019,10.1016/j.marenvres.2019.05.013,Durvillaea antarctica,Coquimbo,Winter,0,Pelagic,Holdfast,Fresh,None,NA,NA,NA,NA,-1.320435616,1.990614939,1,22,NA,NA,NA,NA,NA,NA,"Figure 4c, Table S1b"
Tala et al. 2019,10.1016/j.marenvres.2019.05.013,Durvillaea antarctica,Coquimbo,Summer,0,Pelagic,Holdfast,Fresh,None,NA,NA,NA,NA,-0.758980121,3.266650156,1,23,NA,NA,NA,NA,NA,NA,"Figure 4c, Table S1b"
Tala et al. 2019,10.1016/j.marenvres.2019.05.013,Durvillaea antarctica,Concepción,Winter,0,Pelagic,Holdfast,Fresh,None,NA,NA,NA,NA,-0.146483217,1.378118035,1,14,NA,NA,NA,NA,NA,NA,"Figure 4c, Table S1b"
Tala et al. 2019,10.1016/j.marenvres.2019.05.013,Durvillaea antarctica,Concepción,Summer,0,Pelagic,Holdfast,Fresh,None,NA,NA,NA,NA,-1.626684069,1.888532121,1,21,NA,NA,NA,NA,NA,NA,"Figure 4c, Table S1b"
Tala et al. 2019,10.1016/j.marenvres.2019.05.013,Durvillaea antarctica,Punta Arenas,Winter,0,Pelagic,Holdfast,Fresh,None,NA,NA,NA,NA,-0.146483217,3.164567339,1,13,NA,NA,NA,NA,NA,NA,"Figure 4c, Table S1b"
Tala et al. 2019,10.1016/j.marenvres.2019.05.013,Durvillaea antarctica,Punta Arenas,Summer,0,Pelagic,Holdfast,Fresh,None,NA,NA,NA,NA,-1.320435616,2.960401704,1,18,NA,NA,NA,NA,NA,NA,"Figure 4c, Table S1b"
de Bettignies et al. 2020,10.1111/jpy.13041,Laminaria hyperborea,Guerhéon,Summer,9,Benthic,Lamina,Fresh,10,0,99.93444,0.27144,NA,NA,NA,1,5,14.44,2.17,3.5866005,1.4232822,Final,5,"Figure 2a-c, Table 2"
de Bettignies et al. 2020,10.1111/jpy.13041,Laminaria hyperborea,Guerhéon,Summer,9,Benthic,Lamina,Fresh,10,14,104.050125,1.745035,NA,NA,NA,1,5,12.18,1.01,5.9540184,1.5434426,Final,5,"Figure 2a-c, Table 2"
de Bettignies et al. 2020,10.1111/jpy.13041,Laminaria hyperborea,Guerhéon,Summer,9,Benthic,Lamina,Fresh,10,30,79.89626,15.00729,NA,NA,NA,1,5,13.22,1.45,6.814979,1.7005544,Final,5,"Figure 2a-c, Table 2"
de Bettignies et al. 2020,10.1111/jpy.13041,Laminaria hyperborea,Guerhéon,Summer,9,Benthic,Lamina,Fresh,10,42,60.667294,23.654856,NA,NA,NA,1,5,14.72,2.1,5.9291702,0.8687578,Final,5,"Figure 2a-c, Table 2"
de Bettignies et al. 2020,10.1111/jpy.13041,Laminaria hyperborea,Guerhéon,Summer,9,Benthic,Lamina,Fresh,10,77,37.994736,17.993214,NA,NA,NA,1,5,18.46,3.41,15.969731,3.105356,Final,5,"Figure 2a-c, Table 2"
de Bettignies et al. 2020,10.1111/jpy.13041,Laminaria hyperborea,Guerhéon,Summer,9,Benthic,Lamina,Fresh,10,107,28.155287,13.766371,NA,NA,NA,1,5,19.42,3.14,11.582587,4.436226,Final,5,"Figure 2a-c, Table 2"
de Bettignies et al. 2020,10.1111/jpy.13041,Laminaria hyperborea,Guerhéon,Summer,9,Benthic,Lamina,Fresh,10,143,22.545319,4.265596,NA,NA,NA,1,5,18.16,3.01,14.294124,1.903882,Final,5,"Figure 2a-c, Table 2"
de Bettignies et al. 2020,10.1111/jpy.13041,Laminaria hyperborea,Guerhéon,Summer,9,Benthic,Lamina,Fresh,10,170,16.467346,6.398449,NA,NA,NA,1,5,16.1,1.62,14.24154,4.325329,Final,5,"Figure 2a-c, Table 2"
de Bettignies et al. 2020,10.1111/jpy.13041,Laminaria hyperborea,Guerhéon,Summer,9,Benthic,Lamina,Senescent,10,30,24.826787,NA,NA,NA,NA,1,1,NA,NA,NA,NA,NA,NA,Figure 2b
de Bettignies et al. 2020,10.1111/jpy.13041,Laminaria hyperborea,Guerhéon,Summer,9,Benthic,Lamina,Senescent,10,42,27.311332,NA,NA,NA,NA,1,1,NA,NA,NA,NA,NA,NA,Figure 2b
de Bettignies et al. 2020,10.1111/jpy.13041,Laminaria hyperborea,Guerhéon,Summer,9,Benthic,Lamina,Senescent,10,77,15.813577,NA,NA,NA,NA,1,1,NA,NA,NA,NA,NA,NA,Figure 2b
de Bettignies et al. 2020,10.1111/jpy.13041,Laminaria hyperborea,Guerhéon,Summer,9,Benthic,Lamina,Senescent,10,107,1.09072375,NA,NA,NA,NA,1,1,NA,NA,NA,NA,NA,NA,Figure 2b
de Bettignies et al. 2020,10.1111/jpy.13041,Laminaria hyperborea,Guerhéon,Summer,9,Benthic,Lamina,Senescent,10,143,4.31047775,NA,NA,NA,NA,1,1,NA,NA,NA,NA,NA,NA,Figure 2b
Pedersen et al. 2021,10.3354/meps13613,Laminaria hyperborea,Malangen Fjord,Spring,10,Benthic,Lamina,Fresh,10,52,110.128105,11.048835,NA,NA,NA,1,12,13.77204567,0.3736101,NA,NA,Final,12,Figure 6
Pedersen et al. 2021,10.3354/meps13613,Laminaria hyperborea,Malangen Fjord,Spring,10,Benthic,Lamina,Fresh,10,121,126.22098,14.05124,NA,NA,NA,1,12,14.22295337,1.223896633,NA,NA,Final,12,Figure 6
Pedersen et al. 2021,10.3354/meps13613,Laminaria hyperborea,Malangen Fjord,Spring,300,Benthic,Lamina,Fresh,10,37,84.54764,5.28422,NA,NA,NA,1,12,15.71739463,1.507324334,NA,NA,Final,12,Figure 6
Smale et al. 2021,10.1002/lno.11970,Laminaria hyperborea,Malangen Fjord,Summer,3,Benthic,Lamina,Fresh,2,108.5,23.414635,NA,NA,NA,NA,1,3,NA,NA,NA,NA,NA,NA,"Figure 4, Table 1"
Smale et al. 2021,10.1002/lno.11970,Laminaria hyperborea,Malangen Fjord,Summer,4,Benthic,Lamina,Fresh,2,108.5,0.47784966,NA,NA,NA,NA,1,3,NA,NA,NA,NA,NA,NA,"Figure 4, Table 1"
Smale et al. 2021,10.1002/lno.11970,Laminaria hyperborea,Malangen Fjord,Summer,5,Benthic,Lamina,Fresh,2,108.5,1.1149826,NA,NA,NA,NA,1,3,NA,NA,NA,NA,NA,NA,"Figure 4, Table 1"
Smale et al. 2021,10.1002/lno.11970,Laminaria hyperborea,Malangen Fjord,Summer,4,Benthic,Lamina,Fresh,2,108.5,3.703335,NA,NA,NA,NA,1,3,NA,NA,NA,NA,NA,NA,"Figure 4, Table 1"
Smale et al. 2021,10.1002/lno.11970,Laminaria hyperborea,Malangen Fjord,Summer,5,Benthic,Lamina,Fresh,2,108.5,0,NA,NA,NA,NA,1,3,NA,NA,NA,NA,NA,NA,"Figure 4, Table 1"
Smale et al. 2021,10.1002/lno.11970,Laminaria hyperborea,Malangen Fjord,Summer,4,Benthic,Lamina,Fresh,2,108.5,5.574913,NA,NA,NA,NA,1,3,NA,NA,NA,NA,NA,NA,"Figure 4, Table 1"
Smale et al. 2021,10.1002/lno.11970,Laminaria hyperborea,Malangen Fjord,Summer,3,Benthic,Lamina,Fresh,2,108.5,47.06819,NA,NA,NA,NA,1,3,NA,NA,NA,NA,NA,NA,"Figure 4, Table 1"
Smale et al. 2021,10.1002/lno.11970,Laminaria hyperborea,Malangen Fjord,Summer,4,Benthic,Lamina,Fresh,2,108.5,51.050274,NA,NA,NA,NA,1,3,NA,NA,NA,NA,NA,NA,"Figure 4, Table 1"
Simpkins et al. 2024,NA,Ecklonia radiata,SM5,Winter,10,Benthic,Lamina,Fresh,5,0,92.46635459,NA,NA,NA,NA,1,1,138.04,NA,NA,NA,Final,1,Data
Simpkins et al. 2024,NA,Ecklonia radiata,SM5,Winter,10,Benthic,Lamina,Fresh,5,0,98.06173201,NA,NA,NA,NA,1,1,62.73,NA,NA,NA,Final,1,Data
Simpkins et al. 2024,NA,Ecklonia radiata,SM5,Winter,10,Benthic,Lamina,Fresh,5,0,109.4719134,NA,NA,NA,NA,1,1,56.01,NA,NA,NA,Final,1,Data
Simpkins et al. 2024,NA,Ecklonia radiata,SHALLOW 1,Winter,10,Benthic,Lamina,Fresh,5,14,60.45201872,NA,NA,NA,NA,1,1,100.74,NA,NA,NA,Final,1,Data
Simpkins et al. 2024,NA,Ecklonia radiata,SHALLOW 1,Winter,10,Benthic,Lamina,Fresh,5,14,33.17729666,NA,NA,NA,NA,1,1,57.71,NA,NA,NA,Final,1,Data
Simpkins et al. 2024,NA,Ecklonia radiata,SHALLOW 1,Winter,10,Benthic,Lamina,Fresh,5,14,47.15476887,NA,NA,NA,NA,1,1,45.97,NA,NA,NA,Final,1,Data
Simpkins et al. 2024,NA,Ecklonia radiata,SHALLOW 1,Winter,10,Benthic,Lamina,Fresh,5,14,8.667349327,NA,NA,NA,NA,1,1,36.21,NA,NA,NA,Final,1,Data
Simpkins et al. 2024,NA,Ecklonia radiata,SHALLOW 1,Winter,10,Benthic,Lamina,Fresh,5,14,19.13399649,NA,NA,NA,NA,1,1,36.32,NA,NA,NA,Final,1,Data
Simpkins et al. 2024,NA,Ecklonia radiata,SHALLOW 1,Winter,10,Benthic,Lamina,Fresh,5,14,0.767992978,NA,NA,NA,NA,1,1,31.49,NA,NA,NA,Final,1,Data
Simpkins et al. 2024,NA,Ecklonia radiata,MID 1,Winter,20,Benthic,Lamina,Fresh,5,14,69.71181978,NA,NA,NA,NA,1,1,46.45,NA,NA,NA,Final,1,Data
Simpkins et al. 2024,NA,Ecklonia radiata,MID 1,Winter,20,Benthic,Lamina,Fresh,5,14,48.6029842,NA,NA,NA,NA,1,1,148.56,NA,NA,NA,Final,1,Data
Simpkins et al. 2024,NA,Ecklonia radiata,MID 1,Winter,20,Benthic,Lamina,Fresh,5,14,4.871269748,NA,NA,NA,NA,1,1,125.8,NA,NA,NA,Final,1,Data
Simpkins et al. 2024,NA,Ecklonia radiata,MID 1,Winter,20,Benthic,Lamina,Fresh,5,14,86.54183733,NA,NA,NA,NA,1,1,227.9,NA,NA,NA,Final,1,Data
Simpkins et al. 2024,NA,Ecklonia radiata,MID 1,Winter,20,Benthic,Lamina,Fresh,5,14,53.51813926,NA,NA,NA,NA,1,1,58.62,NA,NA,NA,Final,1,Data
Simpkins et al. 2024,NA,Ecklonia radiata,MID 1,Winter,20,Benthic,Lamina,Fresh,5,14,24.07109421,NA,NA,NA,NA,1,1,39.17,NA,NA,NA,Final,1,Data
Simpkins et al. 2024,NA,Ecklonia radiata,SHALLOW 2,Winter,10,Benthic,Lamina,Fresh,5,14,0,NA,NA,NA,NA,1,1,NA,NA,NA,NA,Final,1,Data
Simpkins et al. 2024,NA,Ecklonia radiata,SHALLOW 2,Winter,10,Benthic,Lamina,Fresh,5,14,0.219426565,NA,NA,NA,NA,1,1,49.07,NA,NA,NA,Final,1,Data
Simpkins et al. 2024,NA,Ecklonia radiata,SHALLOW 2,Winter,10,Benthic,Lamina,Fresh,5,14,52.92568754,NA,NA,NA,NA,1,1,43.3,NA,NA,NA,Final,1,Data
Simpkins et al. 2024,NA,Ecklonia radiata,SHALLOW 2,Winter,10,Benthic,Lamina,Fresh,5,14,38.28993563,NA,NA,NA,NA,1,1,58.3,NA,NA,NA,Final,1,Data
Simpkins et al. 2024,NA,Ecklonia radiata,SHALLOW 2,Winter,10,Benthic,Lamina,Fresh,5,14,11.32241077,NA,NA,NA,NA,1,1,17.79,NA,NA,NA,Final,1,Data
Simpkins et al. 2024,NA,Ecklonia radiata,SHALLOW 2,Winter,10,Benthic,Lamina,Fresh,5,14,65.93768286,NA,NA,NA,NA,1,1,39.4,NA,NA,NA,Final,1,Data
Simpkins et al. 2024,NA,Ecklonia radiata,MID 2,Winter,20,Benthic,Lamina,Fresh,5,14,0,NA,NA,NA,NA,1,1,NA,NA,NA,NA,Final,1,Data
Simpkins et al. 2024,NA,Ecklonia radiata,MID 2,Winter,20,Benthic,Lamina,Fresh,5,14,0,NA,NA,NA,NA,1,1,NA,NA,NA,NA,Final,1,Data
Simpkins et al. 2024,NA,Ecklonia radiata,MID 2,Winter,20,Benthic,Lamina,Fresh,5,14,0.57050907,NA,NA,NA,NA,1,1,84.59,NA,NA,NA,Final,1,Data
Simpkins et al. 2024,NA,Ecklonia radiata,MID 2,Winter,20,Benthic,Lamina,Fresh,5,14,91.83001755,NA,NA,NA,NA,1,1,68.88,NA,NA,NA,Final,1,Data
Simpkins et al. 2024,NA,Ecklonia radiata,MID 2,Winter,20,Benthic,Lamina,Fresh,5,14,50.40228204,NA,NA,NA,NA,1,1,35,NA,NA,NA,Final,1,Data
Simpkins et al. 2024,NA,Ecklonia radiata,MID 2,Winter,20,Benthic,Lamina,Fresh,5,14,64.81860737,NA,NA,NA,NA,1,1,31.28,NA,NA,NA,Final,1,Data
Simpkins et al. 2024,NA,Ecklonia radiata,SHALLOW 3,Winter,10,Benthic,Lamina,Fresh,5,14,44.03891164,NA,NA,NA,NA,1,1,26.03,NA,NA,NA,Final,1,Data
Simpkins et al. 2024,NA,Ecklonia radiata,SHALLOW 3,Winter,10,Benthic,Lamina,Fresh,5,14,56.26097133,NA,NA,NA,NA,1,1,72.21,NA,NA,NA,Final,1,Data
Simpkins et al. 2024,NA,Ecklonia radiata,SHALLOW 3,Winter,10,Benthic,Lamina,Fresh,5,14,67.23229959,NA,NA,NA,NA,1,1,83.31,NA,NA,NA,Final,1,Data
Simpkins et al. 2024,NA,Ecklonia radiata,SHALLOW 3,Winter,10,Benthic,Lamina,Fresh,5,14,25.25599766,NA,NA,NA,NA,1,1,34.76,NA,NA,NA,Final,1,Data
Simpkins et al. 2024,NA,Ecklonia radiata,SHALLOW 3,Winter,10,Benthic,Lamina,Fresh,5,14,16.43504974,NA,NA,NA,NA,1,1,30.34,NA,NA,NA,Final,1,Data
Simpkins et al. 2024,NA,Ecklonia radiata,SHALLOW 3,Winter,10,Benthic,Lamina,Fresh,5,14,20.71386776,NA,NA,NA,NA,1,1,45.04,NA,NA,NA,Final,1,Data
Simpkins et al. 2024,NA,Ecklonia radiata,SHALLOW 3,Winter,10,Benthic,Lamina,Fresh,5,14,21.48186074,NA,NA,NA,NA,1,1,111.21,NA,NA,NA,Final,1,Data
Simpkins et al. 2024,NA,Ecklonia radiata,MID 3,Winter,20,Benthic,Lamina,Fresh,5,14,49.59040374,NA,NA,NA,NA,1,1,38.31,NA,NA,NA,Final,1,Data
Simpkins et al. 2024,NA,Ecklonia radiata,MID 3,Winter,20,Benthic,Lamina,Fresh,5,14,53.54008192,NA,NA,NA,NA,1,1,32.05,NA,NA,NA,Final,1,Data
Simpkins et al. 2024,NA,Ecklonia radiata,MID 3,Winter,20,Benthic,Lamina,Fresh,5,14,51.65301346,NA,NA,NA,NA,1,1,30.87,NA,NA,NA,Final,1,Data
Simpkins et al. 2024,NA,Ecklonia radiata,MID 3,Winter,20,Benthic,Lamina,Fresh,5,14,63.30456407,NA,NA,NA,NA,1,1,43.81,NA,NA,NA,Final,1,Data
Simpkins et al. 2024,NA,Ecklonia radiata,DEEP 1,Winter,50,Benthic,Lamina,Fresh,5,14,65.89379754,NA,NA,NA,NA,1,1,76.92,NA,NA,NA,Final,1,Data
Simpkins et al. 2024,NA,Ecklonia radiata,DEEP 1,Winter,50,Benthic,Lamina,Fresh,5,14,57.20450556,NA,NA,NA,NA,1,1,122.41,NA,NA,NA,Final,1,Data
Simpkins et al. 2024,NA,Ecklonia radiata,DEEP 1,Winter,50,Benthic,Lamina,Fresh,5,14,46.05763604,NA,NA,NA,NA,1,1,40.78,NA,NA,NA,Final,1,Data
Simpkins et al. 2024,NA,Ecklonia radiata,DEEP 1,Winter,50,Benthic,Lamina,Fresh,5,14,10.31304857,NA,NA,NA,NA,1,1,17.24,NA,NA,NA,Final,1,Data
Simpkins et al. 2024,NA,Ecklonia radiata,DEEP 1,Winter,50,Benthic,Lamina,Fresh,5,14,55.05412522,NA,NA,NA,NA,1,1,40.8,NA,NA,NA,Final,1,Data
Simpkins et al. 2024,NA,Ecklonia radiata,DEEP 1,Winter,50,Benthic,Lamina,Fresh,5,14,54.35196021,NA,NA,NA,NA,1,1,34.06,NA,NA,NA,Final,1,Data
Simpkins et al. 2024,NA,Ecklonia radiata,DEEP 3,Winter,50,Benthic,Lamina,Fresh,5,14,23.69806905,NA,NA,NA,NA,1,1,27.84,NA,NA,NA,Final,1,Data
Simpkins et al. 2024,NA,Ecklonia radiata,DEEP 3,Winter,50,Benthic,Lamina,Fresh,5,14,5.705090696,NA,NA,NA,NA,1,1,22.94,NA,NA,NA,Final,1,Data
Simpkins et al. 2024,NA,Ecklonia radiata,DEEP 3,Winter,50,Benthic,Lamina,Fresh,5,14,113.2899356,NA,NA,NA,NA,1,1,61.3,NA,NA,NA,Final,1,Data
Simpkins et al. 2024,NA,Ecklonia radiata,DEEP 3,Winter,50,Benthic,Lamina,Fresh,5,14,95.47249854,NA,NA,NA,NA,1,1,63.6,NA,NA,NA,Final,1,Data
Simpkins et al. 2024,NA,Ecklonia radiata,DEEP 3,Winter,50,Benthic,Lamina,Fresh,5,14,100.8923347,NA,NA,NA,NA,1,1,44.85,NA,NA,NA,Final,1,Data
Simpkins et al. 2024,NA,Ecklonia radiata,DEEP 3,Winter,50,Benthic,Lamina,Fresh,5,14,51.71884143,NA,NA,NA,NA,1,1,25.27,NA,NA,NA,Final,1,Data
Simpkins et al. 2024,NA,Ecklonia radiata,DEEP 2,Winter,50,Benthic,Lamina,Fresh,5,14,0,NA,NA,NA,NA,1,1,NA,NA,NA,NA,Final,1,Data
Simpkins et al. 2024,NA,Ecklonia radiata,DEEP 2,Winter,50,Benthic,Lamina,Fresh,5,14,5.770918666,NA,NA,NA,NA,1,1,27.56,NA,NA,NA,Final,1,Data
Simpkins et al. 2024,NA,Ecklonia radiata,DEEP 2,Winter,50,Benthic,Lamina,Fresh,5,14,64.44558221,NA,NA,NA,NA,1,1,36.78,NA,NA,NA,Final,1,Data
Simpkins et al. 2024,NA,Ecklonia radiata,DEEP 2,Winter,50,Benthic,Lamina,Fresh,5,14,66.17905208,NA,NA,NA,NA,1,1,29.14,NA,NA,NA,Final,1,Data
Simpkins et al. 2024,NA,Ecklonia radiata,DEEP 2,Winter,50,Benthic,Lamina,Fresh,5,14,20.58221182,NA,NA,NA,NA,1,1,21.28,NA,NA,NA,Final,1,Data
Simpkins et al. 2024,NA,Ecklonia radiata,DEEP 2,Winter,50,Benthic,Lamina,Fresh,5,14,19.24370977,NA,NA,NA,NA,1,1,23.04,NA,NA,NA,Final,1,Data
Simpkins et al. 2024,NA,Ecklonia radiata,SHALLOW 1,Winter,10,Benthic,Lamina,Fresh,5,31,48.77852545,NA,NA,NA,NA,1,1,34.62,NA,NA,NA,Final,1,Data
Simpkins et al. 2024,NA,Ecklonia radiata,SHALLOW 1,Winter,10,Benthic,Lamina,Fresh,5,31,4.827384435,NA,NA,NA,NA,1,1,82.36,NA,NA,NA,Final,1,Data
Simpkins et al. 2024,NA,Ecklonia radiata,SHALLOW 1,Winter,10,Benthic,Lamina,Fresh,5,31,20.99912229,NA,NA,NA,NA,1,1,58.94,NA,NA,NA,Final,1,Data
Simpkins et al. 2024,NA,Ecklonia radiata,SHALLOW 1,Winter,10,Benthic,Lamina,Fresh,5,31,0.460795787,NA,NA,NA,NA,1,1,26.71,NA,NA,NA,Final,1,Data
Simpkins et al. 2024,NA,Ecklonia radiata,MID 1,Winter,20,Benthic,Lamina,Fresh,5,31,0,NA,NA,NA,NA,1,1,NA,NA,NA,NA,Final,1,Data
Simpkins et al. 2024,NA,Ecklonia radiata,MID 1,Winter,20,Benthic,Lamina,Fresh,5,31,9.21591574,NA,NA,NA,NA,1,1,30.88,NA,NA,NA,Final,1,Data
Simpkins et al. 2024,NA,Ecklonia radiata,MID 1,Winter,20,Benthic,Lamina,Fresh,5,31,2.698946752,NA,NA,NA,NA,1,1,26.6,NA,NA,NA,Final,1,Data
Simpkins et al. 2024,NA,Ecklonia radiata,MID 1,Winter,20,Benthic,Lamina,Fresh,5,31,33.74780573,NA,NA,NA,NA,1,1,27.71,NA,NA,NA,Final,1,Data
Simpkins et al. 2024,NA,Ecklonia radiata,MID 1,Winter,20,Benthic,Lamina,Fresh,5,31,67.56143944,NA,NA,NA,NA,1,1,84.97,NA,NA,NA,Final,1,Data
Simpkins et al. 2024,NA,Ecklonia radiata,MID 1,Winter,20,Benthic,Lamina,Fresh,5,31,47.593622,NA,NA,NA,NA,1,1,50.44,NA,NA,NA,Final,1,Data
Simpkins et al. 2024,NA,Ecklonia radiata,MID 2,Winter,20,Benthic,Lamina,Fresh,5,31,3.576653013,NA,NA,NA,NA,1,1,44.9,NA,NA,NA,Final,1,Data
Simpkins et al. 2024,NA,Ecklonia radiata,MID 2,Winter,20,Benthic,Lamina,Fresh,5,31,55.22966647,NA,NA,NA,NA,1,1,54.41,NA,NA,NA,Final,1,Data
Simpkins et al. 2024,NA,Ecklonia radiata,MID 2,Winter,20,Benthic,Lamina,Fresh,5,31,47.54973669,NA,NA,NA,NA,1,1,31.4,NA,NA,NA,Final,1,Data
Simpkins et al. 2024,NA,Ecklonia radiata,MID 2,Winter,20,Benthic,Lamina,Fresh,5,31,23.30310123,NA,NA,NA,NA,1,1,51.82,NA,NA,NA,Final,1,Data
Simpkins et al. 2024,NA,Ecklonia radiata,MID 2,Winter,20,Benthic,Lamina,Fresh,5,31,12.59508484,NA,NA,NA,NA,1,1,36.47,NA,NA,NA,Final,1,Data
Simpkins et al. 2024,NA,Ecklonia radiata,MID 3,Winter,20,Benthic,Lamina,Fresh,5,31,0.5046811,NA,NA,NA,NA,1,1,149.2,NA,NA,NA,Final,1,Data
Simpkins et al. 2024,NA,Ecklonia radiata,MID 3,Winter,20,Benthic,Lamina,Fresh,5,31,62.31714453,NA,NA,NA,NA,1,1,32.53,NA,NA,NA,Final,1,Data
Simpkins et al. 2024,NA,Ecklonia radiata,MID 3,Winter,20,Benthic,Lamina,Fresh,5,31,27.47220597,NA,NA,NA,NA,1,1,40.37,NA,NA,NA,Final,1,Data
Simpkins et al. 2024,NA,Ecklonia radiata,MID 3,Winter,20,Benthic,Lamina,Fresh,5,31,57.8408426,NA,NA,NA,NA,1,1,54.46,NA,NA,NA,Final,1,Data
Simpkins et al. 2024,NA,Ecklonia radiata,MID 3,Winter,20,Benthic,Lamina,Fresh,5,31,33.04564073,NA,NA,NA,NA,1,1,39.33,NA,NA,NA,Final,1,Data
Simpkins et al. 2024,NA,Ecklonia radiata,MID 3,Winter,20,Benthic,Lamina,Fresh,5,31,11.1029842,NA,NA,NA,NA,1,1,32.88,NA,NA,NA,Final,1,Data
Simpkins et al. 2024,NA,Ecklonia radiata,SHALLOW 1,Winter,10,Benthic,Lamina,Fresh,5,50,43.7097718,NA,NA,NA,NA,1,1,30.77,NA,NA,NA,Final,1,Data
Simpkins et al. 2024,NA,Ecklonia radiata,SHALLOW 1,Winter,10,Benthic,Lamina,Fresh,5,50,0,NA,NA,NA,NA,1,1,NA,NA,NA,NA,Final,1,Data
Simpkins et al. 2024,NA,Ecklonia radiata,SHALLOW 1,Winter,10,Benthic,Lamina,Fresh,5,50,0,NA,NA,NA,NA,1,1,NA,NA,NA,NA,Final,1,Data
Simpkins et al. 2024,NA,Ecklonia radiata,MID 2,Winter,20,Benthic,Lamina,Fresh,5,50,0,NA,NA,NA,NA,1,1,NA,NA,NA,NA,Final,1,Data
Simpkins et al. 2024,NA,Ecklonia radiata,MID 2,Winter,20,Benthic,Lamina,Fresh,5,50,1.184903452,NA,NA,NA,NA,1,1,23.47,NA,NA,NA,Final,1,Data
Simpkins et al. 2024,NA,Ecklonia radiata,MID 2,Winter,20,Benthic,Lamina,Fresh,5,50,2.633118783,NA,NA,NA,NA,1,1,49.71,NA,NA,NA,Final,1,Data
Simpkins et al. 2024,NA,Ecklonia radiata,MID 2,Winter,20,Benthic,Lamina,Fresh,5,50,4.498244587,NA,NA,NA,NA,1,1,29.15,NA,NA,NA,Final,1,Data
Simpkins et al. 2024,NA,Ecklonia radiata,MID 2,Winter,20,Benthic,Lamina,Fresh,5,50,3.620538327,NA,NA,NA,NA,1,1,25.21,NA,NA,NA,Final,1,Data
Simpkins et al. 2024,NA,Ecklonia radiata,MID 1,Winter,20,Benthic,Lamina,Fresh,5,50,5.727033353,NA,NA,NA,NA,1,1,30.65,NA,NA,NA,Final,1,Data
Simpkins et al. 2024,NA,Ecklonia radiata,MID 1,Winter,20,Benthic,Lamina,Fresh,5,50,5.222352253,NA,NA,NA,NA,1,1,30.41,NA,NA,NA,Final,1,Data
Simpkins et al. 2024,NA,Ecklonia radiata,MID 1,Winter,20,Benthic,Lamina,Fresh,5,50,5.727033353,NA,NA,NA,NA,1,1,25.35,NA,NA,NA,Final,1,Data
Simpkins et al. 2024,NA,Ecklonia radiata,MID 1,Winter,20,Benthic,Lamina,Fresh,5,50,2.282036279,NA,NA,NA,NA,1,1,26.76,NA,NA,NA,Final,1,Data
Simpkins et al. 2024,NA,Ecklonia radiata,MID 1,Winter,20,Benthic,Lamina,Fresh,5,50,11.69543593,NA,NA,NA,NA,1,1,43.63,NA,NA,NA,Final,1,Data
Simpkins et al. 2024,NA,Ecklonia radiata,MID 1,Winter,20,Benthic,Lamina,Fresh,5,50,0,NA,NA,NA,NA,1,1,NA,NA,NA,NA,Final,1,Data
Simpkins et al. 2024,NA,Ecklonia radiata,MID 1,Winter,20,Benthic,Lamina,Fresh,5,50,0,NA,NA,NA,NA,1,1,NA,NA,NA,NA,Final,1,Data
,,,,,,,,,,,,,,,,,,,,,,,,
Zieliński 1981,,,,,,,,,,,,,,,,,,,,,,,,
Nedzarek 2004,,,,,,,,,,,,,,,,,,,,,,,,
Kelaher et al. 2025,,,,,,,,,,,,,,,,,,,,,,,,
Litchfield et al. 2020,,,,,,,,,,,,,,,,,,,,,,,,